情景,片段序号,说明,发言,目的,配图
"Reuniting with a close friend after a long separation: Imagine leaving a station with your luggage on a weekday evening. In the crowd, you suddenly hear someone call you by a childhood nickname. You turn around and see a once-close friend whom you have not met for years. Neither of you expected the other to be there. Respond naturally to each instruction and utterance that follows.",1,You have just turned around and still have not fully recognized the person. They are already walking quickly toward you.,"Oh, it really is you! I was worried for a moment that I had the wrong person.","Joyful smile｜Surprised smile: Unexpected recognition and a positive reunion are intended to evoke a brief, rapidly emerging expression of genuine pleasure.",illustrations/scene_001_reunion.png
"Reuniting with a close friend after a long separation: Imagine leaving a station with your luggage on a weekday evening. In the crowd, you suddenly hear someone call you by a childhood nickname. You turn around and see a once-close friend whom you have not met for years. Neither of you expected the other to be there. Respond naturally to each instruction and utterance that follows.",2,"Your friend stops in front of you and opens their arms naturally, ready to greet you properly.",It really is you. It's been so long! I've wondered all these years how you were doing.,"Joyful smile｜Open, delighted smile: Feeling welcomed after a long separation is intended to evoke a clear, open expression of happiness.",illustrations/scene_001_reunion.png
"Reuniting with a close friend after a long separation: Imagine leaving a station with your luggage on a weekday evening. In the crowd, you suddenly hear someone call you by a childhood nickname. You turn around and see a once-close friend whom you have not met for years. Neither of you expected the other to be there. Respond naturally to each instruction and utterance that follows.",3,You walk toward the station exit together. Your friend notices a familiar gesture you make while speaking.,You haven't changed. You still make that little gesture when you talk.,"Gentle smile｜Warm, familiar smile: Being remembered through a familiar detail is intended to evoke a warm smile that conveys closeness.",illustrations/scene_001_reunion.png
"Reuniting with a close friend after a long separation: Imagine leaving a station with your luggage on a weekday evening. In the crowd, you suddenly hear someone call you by a childhood nickname. You turn around and see a once-close friend whom you have not met for years. Neither of you expected the other to be there. Respond naturally to each instruction and utterance that follows.",4,"While talking about your school days, your friend suddenly remembers something foolish the two of you once did together.",Do you remember the time we hid from the rain together in that broken phone booth?,Joyful smile｜Hearty smile: A shared memory and a live imitation are intended to evoke a broad smile shared with the other person.,illustrations/scene_001_reunion.png
"Reuniting with a close friend after a long separation: Imagine leaving a station with your luggage on a weekday evening. In the crowd, you suddenly hear someone call you by a childhood nickname. You turn around and see a once-close friend whom you have not met for years. Neither of you expected the other to be there. Respond naturally to each instruction and utterance that follows.",5,Your friend falls silent for a moment. Their tone becomes serious as they talk about how they felt after moving away.,"Honestly, the hardest part of moving away was leaving you. I just never had the courage to contact you again.","Gentle smile｜Touched smile: A long-delayed expression of sincerity is intended to evoke a soft, emotionally moved smile.",illustrations/scene_001_reunion.png
"Reuniting with a close friend after a long separation: Imagine leaving a station with your luggage on a weekday evening. In the crowd, you suddenly hear someone call you by a childhood nickname. You turn around and see a once-close friend whom you have not met for years. Neither of you expected the other to be there. Respond naturally to each instruction and utterance that follows.",6,Your friend notices that you have been looking closely at them after so many years and teases you.,Why do you keep looking at me? Has it been so long that you really don't recognize me anymore?,Shy smile｜Bashful smile: Having one’s gaze noticed and being teased kindly are intended to evoke a restrained smile with gaze aversion.,illustrations/scene_001_reunion.png
"Reuniting with a close friend after a long separation: Imagine leaving a station with your luggage on a weekday evening. In the crowd, you suddenly hear someone call you by a childhood nickname. You turn around and see a once-close friend whom you have not met for years. Neither of you expected the other to be there. Respond naturally to each instruction and utterance that follows.",7,"At the station exit, your friend takes out their phone and gets ready to contact the friends you used to share.","Don't leave yet. Let's find somewhere to talk tonight, and I'll see if I can get the old group together too.","Joyful smile｜Anticipatory smile: The prospect of extending a happy encounter is intended to evoke a light, sustained smile of anticipation.",illustrations/scene_001_reunion.png
"Dinner with a close friend you have not seen for a long time: Imagine meeting at a quiet casual restaurant with a friend who was once very close to you but whom work and distance have kept you from seeing. The conversation is slightly awkward at first, then gradually returns to its familiar rhythm. Respond naturally to each instruction and utterance that follows.",1,You are talking about foolish things you did together as students. Your friend remembers a detail you had almost forgotten.,"You really don't remember? You confidently said the teacher would never find out, and then you were the first person they called in.",Joyful smile｜Genuine smile: A funny shared memory and lively reciprocal conversation are intended to evoke a natural smile of shared enjoyment.,illustrations/scene_002_old_friend_dinner.png
"Dinner with a close friend you have not seen for a long time: Imagine meeting at a quiet casual restaurant with a friend who was once very close to you but whom work and distance have kept you from seeing. The conversation is slightly awkward at first, then gradually returns to its familiar rhythm. Respond naturally to each instruction and utterance that follows.",2,The conversation turns to your work. Your friend knows that you have been dealing with the same recurring problem for a long time.,Have you been dealing with this for a long time? It sounds like you work on it every day but still end up in the same place.,"Bittersweet smile｜Resigned smile: The conflict between sustained effort and a lack of control is intended to evoke a tired, helpless smile.",illustrations/scene_002_old_friend_dinner.png
"Dinner with a close friend you have not seen for a long time: Imagine meeting at a quiet casual restaurant with a friend who was once very close to you but whom work and distance have kept you from seeing. The conversation is slightly awkward at first, then gradually returns to its familiar rhythm. Respond naturally to each instruction and utterance that follows.",3,"Your friend begins talking about their recent life. It is not particularly funny, but they are deeply engaged and keep checking that you are listening.","I've been dealing with the same project every day. The details are pretty mundane, but I still want to tell you the whole story.","Social smile｜Supportive social smile: Listening attentively and maintaining the interaction are intended to evoke a mild, accommodating smile.",illustrations/scene_002_old_friend_dinner.png
"Dinner with a close friend you have not seen for a long time: Imagine meeting at a quiet casual restaurant with a friend who was once very close to you but whom work and distance have kept you from seeing. The conversation is slightly awkward at first, then gradually returns to its familiar rhythm. Respond naturally to each instruction and utterance that follows.",4,You stop deliberately at the most important part of a funny story about a mutual friend.,And then what happened? You can't stop there. Tell me how it ended.,"Sly smile｜Knowing, playful smile: Knowing the ending while withholding it is intended to evoke a playful smile that builds suspense.",illustrations/scene_002_old_friend_dinner.png
"Dinner with a close friend you have not seen for a long time: Imagine meeting at a quiet casual restaurant with a friend who was once very close to you but whom work and distance have kept you from seeing. The conversation is slightly awkward at first, then gradually returns to its familiar rhythm. Respond naturally to each instruction and utterance that follows.",5,You mention someone who often takes credit and then blames others. Your friend clearly knows about that person's latest behavior.,"They took credit for someone else's work again, and when something went wrong, they still acted as if they were completely justified.",Derisive smile｜Disdainful smile: Disapproval and contempt toward the behavior of an imagined person are intended to evoke a derisive smile.,illustrations/scene_002_old_friend_dinner.png
"Dinner with a close friend you have not seen for a long time: Imagine meeting at a quiet casual restaurant with a friend who was once very close to you but whom work and distance have kept you from seeing. The conversation is slightly awkward at first, then gradually returns to its familiar rhythm. Respond naturally to each instruction and utterance that follows.",6,Your friend does not rush to give advice. They simply listen carefully to everything you have been dealing with.,It sounds like you've been holding all of this together for a long time. This period must have been really difficult.,"Gentle smile｜Smile of being understood: Feeling emotionally understood by a close friend is intended to evoke a relaxed, grateful smile.",illustrations/scene_002_old_friend_dinner.png
"Dinner with a close friend you have not seen for a long time: Imagine meeting at a quiet casual restaurant with a friend who was once very close to you but whom work and distance have kept you from seeing. The conversation is slightly awkward at first, then gradually returns to its familiar rhythm. Respond naturally to each instruction and utterance that follows.",7,"At the intersection after dinner, you both realize that it may be a long time before you meet again. Your friend tries to keep the farewell light.","Let's not let another few years disappear before we meet again. We both need to make an effort this time, okay?",Bittersweet smile｜Wistful smile: The pleasure of reunion combined with another separation is intended to evoke a smile tinged with reluctance to part.,illustrations/scene_002_old_friend_dinner.png
"Unexpectedly meeting someone who recognizes you, although you cannot place them: Imagine waiting in line for coffee at a shopping mall. Someone around your age suddenly calls you by name and greets you like an old acquaintance. You are sure you have met them, but you cannot remember their name or where you know them from. Respond naturally to each instruction and utterance that follows.",1,You are waiting to buy coffee when the other person calls you by name and greets you like an old acquaintance.,It's been ages! I never expected to run into you here.,Social smile｜Automatic polite smile: The need to respond immediately to an unexpected greeting is intended to evoke a conventional polite smile.,illustrations/scene_003_unrecognized_acquaintance.png
"Unexpectedly meeting someone who recognizes you, although you cannot place them: Imagine waiting in line for coffee at a shopping mall. Someone around your age suddenly calls you by name and greets you like an old acquaintance. You are sure you have met them, but you cannot remember their name or where you know them from. Respond naturally to each instruction and utterance that follows.",2,"The other person clearly remembers details about your life, but you still cannot remember who they are.",Are you still working at the same place? I remember you really liked that job at the time.,Social smile｜Conversation-maintaining smile: Unequal knowledge and the need to sustain the interaction are intended to evoke a restrained social smile.,illustrations/scene_003_unrecognized_acquaintance.png
"Unexpectedly meeting someone who recognizes you, although you cannot place them: Imagine waiting in line for coffee at a shopping mall. Someone around your age suddenly calls you by name and greets you like an old acquaintance. You are sure you have met them, but you cannot remember their name or where you know them from. Respond naturally to each instruction and utterance that follows.",3,The other person notices your hesitation and pauses to watch your reaction.,"You really don't remember me, do you?",Shy smile｜Embarrassed smile: Having a failure of memory exposed is intended to evoke a bashful smile with gaze aversion or pressed lips.,illustrations/scene_003_unrecognized_acquaintance.png
"Unexpectedly meeting someone who recognizes you, although you cannot place them: Imagine waiting in line for coffee at a shopping mall. Someone around your age suddenly calls you by name and greets you like an old acquaintance. You are sure you have met them, but you cannot remember their name or where you know them from. Respond naturally to each instruction and utterance that follows.",4,You admit that you cannot immediately remember where you met. The other person is not upset and starts offering a clue.,It's okay. Think back—we attended the same short training course.,Social smile｜Tension-easing smile: An honest explanation and an attempt to repair a minor social lapse are intended to evoke an appeasing smile.,illustrations/scene_003_unrecognized_acquaintance.png
"Unexpectedly meeting someone who recognizes you, although you cannot place them: Imagine waiting in line for coffee at a shopping mall. Someone around your age suddenly calls you by name and greets you like an old acquaintance. You are sure you have met them, but you cannot remember their name or where you know them from. Respond naturally to each instruction and utterance that follows.",5,"They give you another detail about where you sat, and you finally connect this person with that experience.",We were in the same group. I sat next to you and even borrowed your notes.,"Shy smile｜Relieved, bashful smile: Recovering the memory after failing to recognize the person is intended to evoke a smile mixing relief and embarrassment.",illustrations/scene_003_unrecognized_acquaintance.png
"Unexpectedly meeting someone who recognizes you, although you cannot place them: Imagine waiting in line for coffee at a shopping mall. Someone around your age suddenly calls you by name and greets you like an old acquaintance. You are sure you have met them, but you cannot remember their name or where you know them from. Respond naturally to each instruction and utterance that follows.",6,"Once you know who they are, the other person lightly jokes about the vague way you handled the conversation.","Were you pretending to recognize me that whole time? To be honest, you almost convinced me.",Bittersweet smile｜Self-deprecating smile: Reflecting on a minor social mishap is intended to evoke mild self-deprecation and resignation.,illustrations/scene_003_unrecognized_acquaintance.png
"Receiving a thoughtfully handmade gift: Imagine meeting a close friend on a day that is personally meaningful to you. They bring out a carefully wrapped box and explain that they worked on the gift, on and off, for several weeks. Respond naturally to each instruction and utterance that follows.",1,Your friend places the wrapped gift in front of you and describes the times the project went wrong while they were making it.,I worked on this on and off for several weeks. I actually ruined it twice at the beginning.,"Gentle smile｜Caring smile: Listening to an invested account from someone close is intended to evoke a gentle, attentive smile.",illustrations/scene_004_handmade_gift.png
"Receiving a thoughtfully handmade gift: Imagine meeting a close friend on a day that is personally meaningful to you. They bring out a carefully wrapped box and explain that they worked on the gift, on and off, for several weeks. Respond naturally to each instruction and utterance that follows.",2,Your friend hands you the gift and watches your reaction closely.,Go ahead and open it. I'm a little worried that the real thing won't be as good as you imagined.,"Shy smile｜Bashful, anticipatory smile: Becoming the focus of attention while awaiting a reveal is intended to evoke a restrained smile.",illustrations/scene_004_handmade_gift.png
"Receiving a thoughtfully handmade gift: Imagine meeting a close friend on a day that is personally meaningful to you. They bring out a carefully wrapped box and explain that they worked on the gift, on and off, for several weeks. Respond naturally to each instruction and utterance that follows.",3,"After opening the package, you see something you mentioned wanting a long time ago and had since forgotten about.","I remembered you saying that you really wanted one, so I decided to try making it for you myself.",Joyful smile｜Surprised smile: Having a forgotten wish remembered and unexpectedly fulfilled is intended to evoke a clear expression of delighted surprise.,illustrations/scene_004_handmade_gift.png
"Receiving a thoughtfully handmade gift: Imagine meeting a close friend on a day that is personally meaningful to you. They bring out a carefully wrapped box and explain that they worked on the gift, on and off, for several weeks. Respond naturally to each instruction and utterance that follows.",4,"As you examine the gift, your friend points to a detail that only the two of you would understand.",Look here. I even included that little detail that only the two of us know about.,"Gentle smile｜Touched, affectionate smile: A shared memory incorporated into the gift is intended to evoke closeness and emotional warmth.",illustrations/scene_004_handmade_gift.png
"Receiving a thoughtfully handmade gift: Imagine meeting a close friend on a day that is personally meaningful to you. They bring out a carefully wrapped box and explain that they worked on the gift, on and off, for several weeks. Respond naturally to each instruction and utterance that follows.",5,You are quiet for a moment. Your friend worries that the gift is not what you expected.,Why aren't you saying anything? Is it different from what you imagined?,"Shy smile｜Pressed-lip smile: Strong gratitude that is difficult to put into words is intended to evoke a brief, restrained smile.",illustrations/scene_004_handmade_gift.png
"Receiving a thoughtfully handmade gift: Imagine meeting a close friend on a day that is personally meaningful to you. They bring out a carefully wrapped box and explain that they worked on the gift, on and off, for several weeks. Respond naturally to each instruction and utterance that follows.",6,"After realizing that you like the gift, your friend relaxes and tells you about an awkward part of making it.",I'm glad you like it. I nearly gave up on this part and ended up taking it apart and starting again.,"Joyful smile｜Contented smile: Once the surprise has settled and is shared, it is intended to evoke a steady smile of satisfaction.",illustrations/scene_004_handmade_gift.png
"Receiving praise at work: Imagine a Monday department meeting reviewing an unexpected problem from the previous week. You expected only to report your progress, but your supervisor tells everyone that you identified the key issue in time and handled it calmly. Respond naturally to each instruction and utterance that follows.",1,"During Monday's department meeting, your supervisor suddenly says your name, and several colleagues turn toward you.","Next, I want to talk specifically about how you handled last week's unexpected failure.","Shy smile｜Restrained, nervous smile: Sudden public attention with an uncertain outcome is intended to evoke a brief, controlled smile.",illustrations/scene_005_work_praise.png
"Receiving praise at work: Imagine a Monday department meeting reviewing an unexpected problem from the previous week. You expected only to report your progress, but your supervisor tells everyone that you identified the key issue in time and handled it calmly. Respond naturally to each instruction and utterance that follows.",2,Your supervisor begins describing the response and clearly acknowledges your contribution.,We avoided a much bigger problem because you spotted the key issue early and handled it calmly.,"Joyful smile｜Smile of achievement: Public recognition of one’s effort is intended to evoke a natural, satisfied smile.",illustrations/scene_005_work_praise.png
"Receiving praise at work: Imagine a Monday department meeting reviewing an unexpected problem from the previous week. You expected only to report your progress, but your supervisor tells everyone that you identified the key issue in time and handled it calmly. Respond naturally to each instruction and utterance that follows.",3,"After your supervisor finishes, your colleagues applaud, and one of them turns to congratulate you.",You did a great job. You really saved everyone from a much bigger problem this time.,"Social smile｜Modest, polite smile: Public acknowledgment and the norm of sharing credit are intended to evoke a controlled, friendly smile.",illustrations/scene_005_work_praise.png
"Receiving praise at work: Imagine a Monday department meeting reviewing an unexpected problem from the previous week. You expected only to report your progress, but your supervisor tells everyone that you identified the key issue in time and handled it calmly. Respond naturally to each instruction and utterance that follows.",4,Your supervisor thinks your approach could be useful to the rest of the team and proposes a follow-up task.,Could you turn what you learned into a template that everyone can use in the future?,"Joyful smile｜Proud, satisfied smile: Confirmation that one’s ability is useful to others is intended to evoke a proud but measured smile.",illustrations/scene_005_work_praise.png
"Receiving praise at work: Imagine a Monday department meeting reviewing an unexpected problem from the previous week. You expected only to report your progress, but your supervisor tells everyone that you identified the key issue in time and handled it calmly. Respond naturally to each instruction and utterance that follows.",5,"After the meeting, a colleague who rarely gives compliments approaches you privately.","You really did save all of us that day. I don't say this often, but I genuinely need to thank you.","Shy smile｜Self-conscious smile: Unexpected, direct praise from a peer is intended to evoke a bashful smile.",illustrations/scene_005_work_praise.png
"Receiving praise at work: Imagine a Monday department meeting reviewing an unexpected problem from the previous week. You expected only to report your progress, but your supervisor tells everyone that you identified the key issue in time and handled it calmly. Respond naturally to each instruction and utterance that follows.",6,Another colleague who supported you in the past stays behind and comments on how you have developed.,I'm genuinely happy to see that you can now handle something like this independently.,"Gentle smile｜Grateful smile: Recognition of longstanding support is intended to evoke a warm, sincere smile.",illustrations/scene_005_work_praise.png
"Being criticized at work: Imagine a project review meeting where the report you prepared is displayed on a large screen. Your supervisor points out that you omitted a requirement, causing coworkers to redo work at short notice. The omission is real, but several people present do not know the full circumstances. Respond naturally to each instruction and utterance that follows.",1,"At the project review, your supervisor points out a requirement missing from your report, and the room falls silent.",This report is missing a requirement that was clearly documented. Explain what happened.,"Social smile｜Nervous, polite smile: Public criticism combined with the need to remain professional is intended to evoke a very restrained workplace smile.",illustrations/scene_006_work_criticism.png
"Being criticized at work: Imagine a project review meeting where the report you prepared is displayed on a large screen. Your supervisor points out that you omitted a requirement, causing coworkers to redo work at short notice. The omission is real, but several people present do not know the full circumstances. Respond naturally to each instruction and utterance that follows.",2,You admit the oversight and apologize to the colleague affected by the rework. They prepare to continue the meeting.,"I understand. Let's continue the meeting for now, and we can confirm the revisions together afterward.",Social smile｜Tension-easing smile: Taking responsibility and repairing the working relationship are intended to evoke an appeasing smile.,illustrations/scene_006_work_criticism.png
"Being criticized at work: Imagine a project review meeting where the report you prepared is displayed on a large screen. Your supervisor points out that you omitted a requirement, causing coworkers to redo work at short notice. The omission is real, but several people present do not know the full circumstances. Respond naturally to each instruction and utterance that follows.",3,Your supervisor continues evaluating the omission in front of everyone without mentioning the full history of the changing requirements.,A basic error like this should not happen. You need to check the entire report before submitting it next time.,Bittersweet smile｜Forced smile: Feeling wronged while being unable to explain everything immediately is intended to evoke an outwardly controlled smile.,illustrations/scene_006_work_criticism.png
"Being criticized at work: Imagine a project review meeting where the report you prepared is displayed on a large screen. Your supervisor points out that you omitted a requirement, causing coworkers to redo work at short notice. The omission is real, but several people present do not know the full circumstances. Respond naturally to each instruction and utterance that follows.",4,"A colleague who contributed very little to the project suddenly joins in, speaking casually and condescendingly.",Isn't that just common sense? Something like that really shouldn't have been missed.,"Derisive smile｜Cold smile: Rejecting an unfair judgment and a superior attitude is intended to evoke a restrained, cold smile.",illustrations/scene_006_work_criticism.png
"Being criticized at work: Imagine a project review meeting where the report you prepared is displayed on a large screen. Your supervisor points out that you omitted a requirement, causing coworkers to redo work at short notice. The omission is real, but several people present do not know the full circumstances. Respond naturally to each instruction and utterance that follows.",5,"After the meeting, your supervisor explains privately that the criticism concerns the result, but also requires you to finish the revision that evening.","I'm not questioning your overall ability, but this report still has to be corrected tonight.","Bittersweet smile｜Resigned smile: Partial reassurance combined with an additional burden is intended to evoke a tired, helpless smile.",illustrations/scene_006_work_criticism.png
"Being criticized at work: Imagine a project review meeting where the report you prepared is displayed on a large screen. Your supervisor points out that you omitted a requirement, causing coworkers to redo work at short notice. The omission is real, but several people present do not know the full circumstances. Respond naturally to each instruction and utterance that follows.",6,You return to your desk and reopen the file. A colleague notices that you have canceled your plans for after work.,It looks like your plans for tonight will have to wait. That's rough.,Bittersweet smile｜Self-deprecating smile: The contrast between a canceled plan and the need to keep working is intended to evoke mild self-deprecation.,illustrations/scene_006_work_criticism.png
"Meeting a supervisor or professor for the first time: Imagine entering their office alone to present an important proposal. You rehearsed your opening, but you know little about their personality. Respond naturally to each instruction and utterance that follows.",1,You enter your supervisor's or professor's office alone for the first time. They invite you to sit and begin with small talk.,"This is your first time here, isn't it? Did you have any trouble getting here?","Social smile｜Formal, polite smile: A first meeting across a status difference is intended to evoke a restrained professional smile.",illustrations/scene_007_supervisor_group.png
"Meeting a supervisor or professor for the first time: Imagine entering their office alone to present an important proposal. You rehearsed your opening, but you know little about their personality. Respond naturally to each instruction and utterance that follows.",2,You have just begun presenting when the door opens and four unexpected people enter and sit nearby.,"They happen to be interested in this proposal too, so they'll listen in with us.","Shy smile｜Awkward smile: An unexpected increase in the audience is intended to evoke freezing, gaze aversion, or a pressed-lip smile.",illustrations/scene_007_supervisor_group.png
"Meeting a supervisor or professor for the first time: Imagine entering their office alone to present an important proposal. You rehearsed your opening, but you know little about their personality. Respond naturally to each instruction and utterance that follows.",3,"After the additional listeners settle in, everyone's attention returns to you. Your supervisor or professor prompts you to continue.",Don't worry about them. Just continue with what you originally prepared.,"Shy smile｜Restrained, nervous smile: Being watched by several people while having to resume immediately is intended to evoke a nervous smile.",illustrations/scene_007_supervisor_group.png
"Meeting a supervisor or professor for the first time: Imagine entering their office alone to present an important proposal. You rehearsed your opening, but you know little about their personality. Respond naturally to each instruction and utterance that follows.",4,The presentation ends and the other person closes the materials. You have completed your first formal conversation.,Thank you. That's all for today. You can head back now.,Joyful smile｜Relieved smile: The end of a high-pressure interaction is intended to evoke a natural smile of release.,illustrations/scene_007_supervisor_group.png
"Meeting a supervisor or professor for the first time: Imagine entering their office alone to present an important proposal. You rehearsed your opening, but you know little about their personality. Respond naturally to each instruction and utterance that follows.",5,"After leaving the office, you realize that you left your notebook inside and have to knock again. Everyone is still there.",What happened? Did you leave something in here?,Bittersweet smile｜Resigned smile: Having to return immediately after escaping the pressure is intended to evoke a helpless smile.,illustrations/scene_007_supervisor_group.png
"Meeting a supervisor or professor for the first time: Imagine entering their office alone to present an important proposal. You rehearsed your opening, but you know little about their personality. Respond naturally to each instruction and utterance that follows.",6,"They show no irritation, hand you the notebook, and actively ease the tension.",It's normal to be nervous the first time. You don't need to worry about a small thing like this.,Social smile｜Polite smile of released tension: The other person’s effort to ease the awkwardness is intended to evoke a polite but visibly more relaxed smile.,illustrations/scene_007_supervisor_group.png
"Meeting a supervisor or professor for the first time: Imagine entering their office alone to present an important proposal. You rehearsed your opening, but you know little about their personality. Respond naturally to each instruction and utterance that follows.",7,"As you prepare to leave again, they add an initial comment about your proposal.",There are several good ideas in your proposal. We can discuss them in more detail later.,"Gentle smile｜Reassured smile: Kindness and recognition from an authority figure are intended to evoke a calm, warm smile.",illustrations/scene_007_supervisor_group.png
"A train delayed by a personal-injury incident: Imagine waiting on a weekday evening for a train needed for a later connection. An announcement says that a personal-injury incident ahead has suspended service and that the recovery time is unknown. Do not imagine the incident itself; focus only on waiting, disrupted plans, and interactions with people nearby. Respond naturally to each instruction and utterance that follows.",1,You are waiting on a platform for a train needed for your next connection when the first announcement begins.,"Due to a personal-injury incident ahead, service on this line is currently suspended. The resumption time is not yet known.",Bittersweet smile｜Resigned smile: An uncontrollable delay that disrupts one’s plans is intended to evoke a mildly helpless smile.,illustrations/scene_008_train_delay.png
"A train delayed by a personal-injury incident: Imagine waiting on a weekday evening for a train needed for a later connection. An announcement says that a personal-injury incident ahead has suspended service and that the recovery time is unknown. Do not imagine the incident itself; focus only on waiting, disrupted plans, and interactions with people nearby. Respond naturally to each instruction and utterance that follows.",2,The display has changed the estimated delay from ten minutes to forty. Another announcement provides an update.,Service is now expected to resume in more than forty minutes. Passengers with connections should revise their travel plans.,"Bittersweet smile｜Wry smile: A further collapse of expectations is intended to evoke a disappointed, wry smile.",illustrations/scene_008_train_delay.png
"A train delayed by a personal-injury incident: Imagine waiting on a weekday evening for a train needed for a later connection. An announcement says that a personal-injury incident ahead has suspended service and that the recovery time is unknown. Do not imagine the incident itself; focus only on waiting, disrupted plans, and interactions with people nearby. Respond naturally to each instruction and utterance that follows.",3,You have already missed your planned connection. The friend waiting for you sends a voice message asking about your progress.,Are you almost here? The restaurant says they can only hold our reservation for another fifteen minutes.,Social smile｜Apologetic social smile: Concern about affecting someone else’s plans is intended to evoke an apologetic social smile.,illustrations/scene_008_train_delay.png
"A train delayed by a personal-injury incident: Imagine waiting on a weekday evening for a train needed for a later connection. An announcement says that a personal-injury incident ahead has suspended service and that the recovery time is unknown. Do not imagine the incident itself; focus only on waiting, disrupted plans, and interactions with people nearby. Respond naturally to each instruction and utterance that follows.",4,Another stranded passenger looks at the repeatedly changing display and briefly makes eye contact with you.,"This train picked the perfect time to stop, didn't it? Neither of us is going anywhere now.","Bittersweet smile｜Shared wry smile: Sharing an unavoidable inconvenience with a stranger is intended to evoke a brief, synchronized wry smile.",illustrations/scene_008_train_delay.png
"A train delayed by a personal-injury incident: Imagine waiting on a weekday evening for a train needed for a later connection. An announcement says that a personal-injury incident ahead has suspended service and that the recovery time is unknown. Do not imagine the incident itself; focus only on waiting, disrupted plans, and interactions with people nearby. Respond naturally to each instruction and utterance that follows.",5,The same formulaic apology is being announced for the third time without any new information.,We sincerely apologize for the inconvenience. We ask all passengers to continue waiting patiently.,"Derisive smile｜Cold smile: The gap between a formulaic apology and the lack of useful information is intended to evoke a restrained, skeptical smile.",illustrations/scene_008_train_delay.png
"A train delayed by a personal-injury incident: Imagine waiting on a weekday evening for a train needed for a later connection. An announcement says that a personal-injury incident ahead has suspended service and that the recovery time is unknown. Do not imagine the incident itself; focus only on waiting, disrupted plans, and interactions with people nearby. Respond naturally to each instruction and utterance that follows.",6,Your phone battery is almost empty. The passenger beside you notices and takes out a power bank.,Would you like to use my power bank? It's fine—I have another one in my bag.,"Gentle smile｜Grateful smile: Practical help from a stranger is intended to evoke a sincere, warm smile.",illustrations/scene_008_train_delay.png
"A train delayed by a personal-injury incident: Imagine waiting on a weekday evening for a train needed for a later connection. An announcement says that a personal-injury incident ahead has suspended service and that the recovery time is unknown. Do not imagine the incident itself; focus only on waiting, disrupted plans, and interactions with people nearby. Respond naturally to each instruction and utterance that follows.",7,You have just planned an alternative route when the station updates the status of that line as well.,"Because passengers are moving to alternative lines, those services are also severely congested and arrival times will be delayed further.","Uncontrollable laughter｜Despairing laugh: A safe but repeated series of travel setbacks is intended to evoke a brief, incongruous, uncontrolled laugh.",illustrations/scene_008_train_delay.png
"Being lucky enough to buy the last slice of cake: Imagine making a detour after work to a bakery you often visit for a limited seasonal cake that usually sells out early. When you arrive, the display is almost empty, with just one slice left in a corner. Respond naturally to each instruction and utterance that follows.",1,"You approach the nearly empty display case, and the clerk notices you looking at the cake in the corner.",You're not imagining it. That really is the last slice of today's limited cake.,Joyful smile｜Delighted surprise: Finding a scarce item when expectations are low is intended to evoke a rapidly emerging smile of surprise.,illustrations/scene_009_last_cake.png
"Being lucky enough to buy the last slice of cake: Imagine making a detour after work to a bakery you often visit for a limited seasonal cake that usually sells out early. When you arrive, the display is almost empty, with just one slice left in a corner. Respond naturally to each instruction and utterance that follows.",2,You immediately ask whether it is still available. The clerk confirms the stock and prepares to display the sold-out sign.,This is the last slice today. I can reserve it for you and package it now.,Joyful smile｜Contented smile: Certainty that a wish has been fulfilled is intended to evoke a stable smile of satisfaction.,illustrations/scene_009_last_cake.png
"Being lucky enough to buy the last slice of cake: Imagine making a detour after work to a bakery you often visit for a limited seasonal cake that usually sells out early. When you arrive, the display is almost empty, with just one slice left in a corner. Respond naturally to each instruction and utterance that follows.",3,"The customer behind you also looks at the display, but you have already ordered. They speak to you politely.",So you got the last slice. I was just about to ask whether there were any left.,Social smile｜Slightly apologetic polite smile: Being considerate of another person even though the outcome is settled is intended to evoke a restrained social smile.,illustrations/scene_009_last_cake.png
"Being lucky enough to buy the last slice of cake: Imagine making a detour after work to a bakery you often visit for a limited seasonal cake that usually sells out early. When you arrive, the display is almost empty, with just one slice left in a corner. Respond naturally to each instruction and utterance that follows.",4,Your friend knows you made a special detour for this cake but still looks at you jokingly.,I really want to try it too. Could you share one bite with me later? You can name your price.,"Sly smile｜Playful bargaining smile: Controlling a scarce treat during friendly teasing is intended to evoke a playful, calculating smile.",illustrations/scene_009_last_cake.png
"Being lucky enough to buy the last slice of cake: Imagine making a detour after work to a bakery you often visit for a limited seasonal cake that usually sells out early. When you arrive, the display is almost empty, with just one slice left in a corner. Respond naturally to each instruction and utterance that follows.",5,"At checkout, the clerk checks your membership and finds that your points can be used today.","Your points can cover part of the price today, so it will be quite a bit cheaper than usual.","Joyful smile｜Happy smile: An unexpected small saving is intended to evoke a light, bright smile.",illustrations/scene_009_last_cake.png
"Being lucky enough to buy the last slice of cake: Imagine making a detour after work to a bakery you often visit for a limited seasonal cake that usually sells out early. When you arrive, the display is almost empty, with just one slice left in a corner. Respond naturally to each instruction and utterance that follows.",6,You eventually share the cake. Your friend compares the two portions and pushes the larger one back toward you.,"You're the one who found it, so of course you should have the bigger piece.","Social smile｜Friendly, grateful smile: Fairness and consideration between friends are intended to evoke a grateful social smile.",illustrations/scene_009_last_cake.png
"Wandering into a shop that perfectly suits your taste: Imagine walking down an unfamiliar street on a weekend afternoon without a fixed destination. You step away from the crowd and enter an ordinary-looking shop. The music, scent, displays, and products unexpectedly match your preferences. Respond naturally to each instruction and utterance that follows.",1,"As soon as you enter the shop, you hear a song you have been playing repeatedly. The clerk notices you listening.",Do you like this song too? I happened to add it to the shop playlist today.,Joyful smile｜Smile of unexpected resonance: Encountering a familiar preference in an unfamiliar place is intended to evoke pleasant surprise.,illustrations/scene_010_hidden_gem_shop.png
"Wandering into a shop that perfectly suits your taste: Imagine walking down an unfamiliar street on a weekend afternoon without a fixed destination. You step away from the crowd and enter an ordinary-looking shop. The music, scent, displays, and products unexpectedly match your preferences. Respond naturally to each instruction and utterance that follows.",2,You find several hard-to-find items that perfectly match your taste. The clerk watches from a distance for a moment.,Everything on that shelf just arrived. It looks like it really suits your style.,"Joyful smile｜Contented smile: Repeated matches with one’s preferences are intended to evoke a sustained, natural smile.",illustrations/scene_010_hidden_gem_shop.png
"Wandering into a shop that perfectly suits your taste: Imagine walking down an unfamiliar street on a weekend afternoon without a fixed destination. You step away from the crowd and enter an ordinary-looking shop. The music, scent, displays, and products unexpectedly match your preferences. Respond naturally to each instruction and utterance that follows.",3,The clerk does not immediately try to sell you anything and only approaches after you have looked at the same shelf for a while.,This is my favorite shelf in the shop. Take your time—you don't need to decide right away.,Social smile｜Friendly polite smile: A low-pressure conversation about shared taste is intended to evoke a natural social smile.,illustrations/scene_010_hidden_gem_shop.png
"Wandering into a shop that perfectly suits your taste: Imagine walking down an unfamiliar street on a weekend afternoon without a fixed destination. You step away from the crowd and enter an ordinary-looking shop. The music, scent, displays, and products unexpectedly match your preferences. Respond naturally to each instruction and utterance that follows.",4,You casually compliment the selection. The clerk looks at the items you have already chosen.,I can tell you know what you're looking at. You've picked all the pieces I'm most reluctant to sell.,Shy smile｜Bashful smile after praise: A mild personal compliment is intended to evoke a pleased but self-conscious smile.,illustrations/scene_010_hidden_gem_shop.png
"Wandering into a shop that perfectly suits your taste: Imagine walking down an unfamiliar street on a weekend afternoon without a fixed destination. You step away from the crowd and enter an ordinary-looking shop. The music, scent, displays, and products unexpectedly match your preferences. Respond naturally to each instruction and utterance that follows.",5,"In a corner, you find a small object connected to a childhood memory, and the clerk explains where it came from.",This came from an old shop that had been open for decades. The previous owner took very good care of it.,Gentle smile｜Warm nostalgic smile: A gentle personal memory and a kindly told story are intended to evoke a soft smile.,illustrations/scene_010_hidden_gem_shop.png
"Wandering into a shop that perfectly suits your taste: Imagine walking down an unfamiliar street on a weekend afternoon without a fixed destination. You step away from the crowd and enter an ordinary-looking shop. The music, scent, displays, and products unexpectedly match your preferences. Respond naturally to each instruction and utterance that follows.",6,"Before leaving, you save the shop's location on your phone. The clerk notices and says goodbye.","Come back when you have time. In a few days, we'll receive more pieces similar to the ones you chose today.","Joyful smile｜Happy smile of discovery: Turning a chance discovery into future anticipation is intended to evoke a light, satisfied smile.",illustrations/scene_010_hidden_gem_shop.png
"A long-awaited restaurant reservation that turns out to be disappointing: Imagine booking a highly rated restaurant more than a month ahead and keeping the evening free. You arrive on time with a friend. The setting looks appealing, but from the first bite the food falls well short of expectations. Respond naturally to each instruction and utterance that follows.",1,"The first dish looks beautiful, but it tastes bland and is the wrong temperature. Your friend watches your reaction.","Well? Judging by your face, I don't think it tastes the way we expected.",Bittersweet smile｜Disappointed smile: The gap between high expectations and the first taste is intended to evoke a disappointed but restrained smile.,illustrations/scene_011_disappointing_restaurant.png
"A long-awaited restaurant reservation that turns out to be disappointing: Imagine booking a highly rated restaurant more than a month ahead and keeping the evening free. You arrive on time with a friend. The setting looks appealing, but from the first bite the food falls well short of expectations. Respond naturally to each instruction and utterance that follows.",2,"Your friend takes a bite too, pauses, and looks up at you.","All right, so I'm not the only one who thinks that first bite was strange.",Bittersweet smile｜Shared wry smile: Mutual disappointment understood without words is intended to evoke a synchronized wry smile.,illustrations/scene_011_disappointing_restaurant.png
"A long-awaited restaurant reservation that turns out to be disappointing: Imagine booking a highly rated restaurant more than a month ahead and keeping the evening free. You arrive on time with a friend. The setting looks appealing, but from the first bite the food falls well short of expectations. Respond naturally to each instruction and utterance that follows.",3,A polite server comes to the table and waits for your opinion of the food.,Is everything to your liking so far?,"Social smile｜Polite, noncommittal smile: A direct service question and a wish to avoid conflict are intended to evoke a polite smile.",illustrations/scene_011_disappointing_restaurant.png
"A long-awaited restaurant reservation that turns out to be disappointing: Imagine booking a highly rated restaurant more than a month ahead and keeping the evening free. You arrive on time with a friend. The setting looks appealing, but from the first bite the food falls well short of expectations. Respond naturally to each instruction and utterance that follows.",4,You tactfully mention that the dish is a little cold. The server immediately offers a solution.,"I'm very sorry. I'll have it reheated right away, and thank you for letting me know.","Social smile｜Tension-easing smile: Repairing the interaction after raising a complaint is intended to evoke a restrained, friendly smile.",illustrations/scene_011_disappointing_restaurant.png
"A long-awaited restaurant reservation that turns out to be disappointing: Imagine booking a highly rated restaurant more than a month ahead and keeping the evening free. You arrive on time with a friend. The setting looks appealing, but from the first bite the food falls well short of expectations. Respond naturally to each instruction and utterance that follows.",5,The signature dish you anticipated most is also disappointing. Your friend puts down their fork and lowers their voice.,So the first dish wasn't a one-off. I don't think this meal can be saved.,Bittersweet smile｜Resigned smile: A second disappointment that removes the remaining hope is intended to evoke clear resignation.,illustrations/scene_011_disappointing_restaurant.png
"A long-awaited restaurant reservation that turns out to be disappointing: Imagine booking a highly rated restaurant more than a month ahead and keeping the evening free. You arrive on time with a friend. The setting looks appealing, but from the first bite the food falls well short of expectations. Respond naturally to each instruction and utterance that follows.",6,"At the next table, another guest takes one bite of the same signature dish and loudly praises it.",It really deserves its reputation. This is easily the best thing I've eaten all year.,Derisive smile｜Restrained scoff: The contrast between your experience and exaggerated praise is intended to evoke a subtle derisive smile.,illustrations/scene_011_disappointing_restaurant.png
"A long-awaited restaurant reservation that turns out to be disappointing: Imagine booking a highly rated restaurant more than a month ahead and keeping the evening free. You arrive on time with a friend. The setting looks appealing, but from the first bite the food falls well short of expectations. Respond naturally to each instruction and utterance that follows.",7,The bill is higher than expected. Your friend looks at it and summarizes the meal sarcastically.,At least we finally know why it's so hard to book. Maybe everyone wants to come and verify it for themselves.,"Derisive smile｜Ironic smile: The contrast among high price, strong reputation, and poor experience is intended to evoke shared irony.",illustrations/scene_011_disappointing_restaurant.png
Telling a friend about a happy weekend experience: Imagine having lunch with a familiar friend or coworker in a quiet corner on Monday. They know you attended an event you had anticipated for a long time and ask how it went. Respond naturally to each instruction and utterance that follows.,1,"During Monday lunch, your friend knows you attended a long-awaited event over the weekend and asks about it.","How did that event go this weekend? From the look on your face, you must have had a great time.","Joyful smile｜Smile of happy recollection: Recalling a positive autobiographical memory is intended to evoke a natural, mild smile.",illustrations/scene_012_weekend_story.png
Telling a friend about a happy weekend experience: Imagine having lunch with a familiar friend or coworker in a quiet corner on Monday. They know you attended an event you had anticipated for a long time and ask how it went. Respond naturally to each instruction and utterance that follows.,2,You have just described the funniest moment and imitated your companion's reaction.,"Wait, that imitation was perfect. I can already picture how funny it was in person.","Joyful smile｜Hearty smile: Re-experiencing a funny event and imitating it are intended to evoke an open, shared smile.",illustrations/scene_012_weekend_story.png
Telling a friend about a happy weekend experience: Imagine having lunch with a familiar friend or coworker in a quiet corner on Monday. They know you attended an event you had anticipated for a long time and ask how it went. Respond naturally to each instruction and utterance that follows.,3,Your friend listens carefully and keeps asking for specific details.,"Keep going—I genuinely want to hear it. If I'd known it would be that much fun, I would have joined you.","Gentle smile｜Warm smile of closeness: Being listened to with genuine interest is intended to evoke a warm, connected smile.",illustrations/scene_012_weekend_story.png
Telling a friend about a happy weekend experience: Imagine having lunch with a familiar friend or coworker in a quiet corner on Monday. They know you attended an event you had anticipated for a long time and ask how it went. Respond naturally to each instruction and utterance that follows.,4,"You deliberately pause for a drink just before revealing the funniest outcome, and your friend is waiting impatiently.",And then what happened? Don't stop right there. Tell me how it ended.,"Sly smile｜Playful suspense smile: Deliberately delaying an ending you know is intended to evoke a teasing, knowing smile.",illustrations/scene_012_weekend_story.png
Telling a friend about a happy weekend experience: Imagine having lunch with a familiar friend or coworker in a quiet corner on Monday. They know you attended an event you had anticipated for a long time and ask how it went. Respond naturally to each instruction and utterance that follows.,5,A colleague you do not know well hears the laughter and politely joins the conversation.,What are you talking about? I could hear both of you laughing from over there.,Social smile｜Polite sharing smile: A third person joining the interaction is intended to evoke a friendly social smile.,illustrations/scene_012_weekend_story.png
Telling a friend about a happy weekend experience: Imagine having lunch with a familiar friend or coworker in a quiet corner on Monday. They know you attended an event you had anticipated for a long time and ask how it went. Respond naturally to each instruction and utterance that follows.,6,You show your friend a photo from the event. They connect it with the scene you just described.,This photo captured that exact moment. No wonder you're still happy whenever you remember it.,Joyful smile｜Contented smile: A concrete image that reactivates a happy memory is intended to evoke steady pleasure.,illustrations/scene_012_weekend_story.png
"Going out without an umbrella when it suddenly rains: Imagine leaving home after a forecast of only cloudy weather, so you carry no umbrella. Ten minutes from your destination, the rain rapidly becomes heavy. The only nearby shelter is a narrow awning. Respond naturally to each instruction and utterance that follows.",1,The first burst of rain begins. You check your bag and confirm that you have no umbrella. Your weather app issues a voice alert.,Rain is intensifying in your current area. Please make sure you have rain protection.,Bittersweet smile｜Resigned smile: Being unprepared for a sudden change in weather is intended to evoke mild resignation.,illustrations/scene_013_sudden_rain.png
"Going out without an umbrella when it suddenly rains: Imagine leaving home after a forecast of only cloudy weather, so you carry no umbrella. Ten minutes from your destination, the rain rapidly becomes heavy. The only nearby shelter is a narrow awning. Respond naturally to each instruction and utterance that follows.",2,"You reach the shelter, but your shoes and trouser legs are already wet. The weather app updates its forecast.",Heavy rain is expected to continue for the next hour and is unlikely to stop soon.,Bittersweet smile｜Wry smile: Already being affected with no quick improvement available is intended to evoke a disappointed wry smile.,illustrations/scene_013_sudden_rain.png
"Going out without an umbrella when it suddenly rains: Imagine leaving home after a forecast of only cloudy weather, so you carry no umbrella. Ten minutes from your destination, the rain rapidly becomes heavy. The only nearby shelter is a narrow awning. Respond naturally to each instruction and utterance that follows.",3,Another stranger without an umbrella squeezes under the narrow shelter and looks at you after catching their breath.,It looks like both of us trusted the weather forecast a little too much.,Social smile｜Sympathetic social smile: Sharing a small inconvenience with a stranger is intended to ease the atmosphere through a brief smile.,illustrations/scene_013_sudden_rain.png
"Going out without an umbrella when it suddenly rains: Imagine leaving home after a forecast of only cloudy weather, so you carry no umbrella. Ten minutes from your destination, the rain rapidly becomes heavy. The only nearby shelter is a narrow awning. Respond naturally to each instruction and utterance that follows.",4,A passing car splashes the other side of your trousers. The stranger beside you sees the entire thing.,"Well, now the side that was still dry is soaked too.",Uncontrollable laughter｜Laugh at the absurdity: One more piece of bad luck creating an absurd situation is intended to evoke a sudden laugh.,illustrations/scene_013_sudden_rain.png
"Going out without an umbrella when it suddenly rains: Imagine leaving home after a forecast of only cloudy weather, so you carry no umbrella. Ten minutes from your destination, the rain rapidly becomes heavy. The only nearby shelter is a narrow awning. Respond naturally to each instruction and utterance that follows.",5,You message your friend to say that you may be late. They quickly send a voice reply.,I'll bring an umbrella and come get you. Stay under the shelter and don't run back into the rain.,"Gentle smile｜Warm smile of being cared for: Concrete help and the feeling of being looked after are intended to evoke a warm, relaxed smile.",illustrations/scene_013_sudden_rain.png
"Going out without an umbrella when it suddenly rains: Imagine leaving home after a forecast of only cloudy weather, so you carry no umbrella. Ten minutes from your destination, the rain rapidly becomes heavy. The only nearby shelter is a narrow awning. Respond naturally to each instruction and utterance that follows.",6,Your friend appears around the corner under an umbrella and waves from a distance.,I see you. Stay right there—I'll be with you in a moment.,"Joyful smile｜Relieved, happy smile: The end of the difficulty and the arrival of a friend are intended to evoke a clear smile of relief.",illustrations/scene_013_sudden_rain.png
"Going out without an umbrella when it suddenly rains: Imagine leaving home after a forecast of only cloudy weather, so you carry no umbrella. Ten minutes from your destination, the rain rapidly becomes heavy. The only nearby shelter is a narrow awning. Respond naturally to each instruction and utterance that follows.",7,You walk back together under one umbrella that is too small. Your friend looks at how soaked you are and finally comments.,"Right now, you honestly look as if someone just pulled you out of a swimming pool.",Bittersweet smile｜Self-deprecating smile: Looking back at one’s bedraggled state after reaching safety is intended to evoke relaxed self-deprecation.,illustrations/scene_013_sudden_rain.png
"A television drama reaches a happy ending: Imagine watching the final episode of a series you have followed for a long time. After repeated misunderstandings and separations, the ending still seemed uncertain until the last episode. You watch in a familiar, quiet room as the story finally resolves happily. Respond naturally to each instruction and utterance that follows.",1,"In the final minutes, two characters who kept missing each other finally meet in a crowd, and one speaks first.","I finally found you. This time, I won't let you disappear from my life again.",Joyful smile｜Anticipatory smile: Long-term narrative investment and an approaching resolution are intended to evoke sustained anticipation.,illustrations/scene_014_happy_ending.png
"A television drama reaches a happy ending: Imagine watching the final episode of a series you have followed for a long time. After repeated misunderstandings and separations, the ending still seemed uncertain until the last episode. You watch in a familiar, quiet room as the story finally resolves happily. Respond naturally to each instruction and utterance that follows.",2,"They face each other, and one says the line that only the two of them fully understand.",I know the truth about what happened back then. The misunderstanding between us ends today.,Joyful smile｜Relieved smile: Resolution of a long-running uncertainty is intended to evoke a clear smile of relief.,illustrations/scene_014_happy_ending.png
"A television drama reaches a happy ending: Imagine watching the final episode of a series you have followed for a long time. After repeated misunderstandings and separations, the ending still seemed uncertain until the last episode. You watch in a familiar, quiet room as the story finally resolves happily. Respond naturally to each instruction and utterance that follows.",3,The story moves to another pair who endured many difficulties and can finally confirm their future together.,"Wherever we go from now on, we'll go together. Neither of us has to wait alone again.","Gentle smile｜Warm smile of satisfaction: Seeing the characters’ relationships cared for and resolved is intended to evoke a gentle, satisfied smile.",illustrations/scene_014_happy_ending.png
"A television drama reaches a happy ending: Imagine watching the final episode of a series you have followed for a long time. After repeated misunderstandings and separations, the ending still seemed uncertain until the last episode. You watch in a familiar, quiet room as the story finally resolves happily. Respond naturally to each instruction and utterance that follows.",4,"The ending returns to a place shown in the first episode, and a character recognizes the full-circle reference.",So you still remember what we said the first time we came here.,Joyful smile｜Contented smile: Recognition of a fulfilled narrative setup is intended to evoke satisfaction.,illustrations/scene_014_happy_ending.png
"A television drama reaches a happy ending: Imagine watching the final episode of a series you have followed for a long time. After repeated misunderstandings and separations, the ending still seemed uncertain until the last episode. You watch in a familiar, quiet room as the story finally resolves happily. Respond naturally to each instruction and utterance that follows.",5,A normally serious supporting character stands at the wedding to make a toast.,"I'm not good at saying beautiful things, so if you ever argue, just let me finish my cake before you involve me.",Uncontrollable laughter｜Sudden laugh: A comic contrast after tension has ended is intended to evoke a quick burst of laughter.,illustrations/scene_014_happy_ending.png
"A television drama reaches a happy ending: Imagine watching the final episode of a series you have followed for a long time. After repeated misunderstandings and separations, the ending still seemed uncertain until the last episode. You watch in a familiar, quiet room as the story finally resolves happily. Respond naturally to each instruction and utterance that follows.",6,"After the credits, a short message from the creators appears for the audience.",Thank you for staying with these characters until the end. We hope you find your own happy ending too.,"Gentle smile｜Fond, lingering smile: A happy ending combined with farewell is intended to evoke a tender smile with a trace of reluctance.",illustrations/scene_014_happy_ending.png
"Playing with your pet: Imagine returning home on an evening when you are in no hurry. A pet that is close to you is waiting at the door, full of energy, and brings its favorite toy. A family member you know well is also relaxing nearby. Respond naturally to each instruction and utterance that follows.",1,"You arrive home and your pet circles you excitedly, dropping its favorite toy at your feet. A family member nearby watches.","It's been waiting by the door for you. The moment you came home, it forgot about everyone else.",Gentle smile｜Affectionate smile: A familiar pet’s eager greeting and attachment are intended to evoke an affectionate smile.,illustrations/scene_015_pet_play.png
"Playing with your pet: Imagine returning home on an evening when you are in no hurry. A pet that is close to you is waiting at the door, full of energy, and brings its favorite toy. A family member you know well is also relaxing nearby. Respond naturally to each instruction and utterance that follows.",2,You throw the toy. Your pet slips while turning but immediately carries on as if nothing happened. Your family member sees everything.,It definitely slipped just now and then pretended nothing happened before charging off again.,"Joyful smile｜Happy laugh: A harmless, unexpected comic movement is intended to evoke spontaneous laughter.",illustrations/scene_015_pet_play.png
"Playing with your pet: Imagine returning home on an evening when you are in no hurry. A pet that is close to you is waiting at the door, full of energy, and brings its favorite toy. A family member you know well is also relaxing nearby. Respond naturally to each instruction and utterance that follows.",3,Your pet brings the toy back but steps away as soon as you reach for it. Your family member recognizes the game.,It isn't refusing to give you the toy. It's deliberately trying to make you chase it.,Joyful smile｜Playful shared smile: The pet’s interactive strategy is intended to evoke light shared enjoyment.,illustrations/scene_015_pet_play.png
"Playing with your pet: Imagine returning home on an evening when you are in no hurry. A pet that is close to you is waiting at the door, full of energy, and brings its favorite toy. A family member you know well is also relaxing nearby. Respond naturally to each instruction and utterance that follows.",4,"You pretend to ignore your pet, and it immediately rests its head on your knee and looks up at you.","Look at that. The moment you ignored it, it switched straight to this strategy.","Gentle smile｜Soft-hearted smile: Attachment and mild pleading are intended to evoke a soft, affectionate smile.",illustrations/scene_015_pet_play.png
"Playing with your pet: Imagine returning home on an evening when you are in no hurry. A pet that is close to you is waiting at the door, full of energy, and brings its favorite toy. A family member you know well is also relaxing nearby. Respond naturally to each instruction and utterance that follows.",5,"As soon as you take out a treat, your pet sits perfectly upright. Your family member remembers its earlier behavior.","It was completely out of control a moment ago, and now that it sees food, it's suddenly the best-behaved pet in the world.",Joyful smile｜Hearty smile: The abrupt behavioral contrast is intended to evoke a broad smile.,illustrations/scene_015_pet_play.png
"Playing with your pet: Imagine returning home on an evening when you are in no hurry. A pet that is close to you is waiting at the door, full of energy, and brings its favorite toy. A family member you know well is also relaxing nearby. Respond naturally to each instruction and utterance that follows.",6,Your pet repeatedly performs the same simple trick incorrectly but becomes more excited each time. Your family member comments.,Ask it one more time. I don't think it's listening to the command at all—it's just having fun.,Uncontrollable laughter｜Failed-to-suppress laughter: Repeated mistakes and mounting excitement are intended to evoke repeated loss of composure.,illustrations/scene_015_pet_play.png
"Playing with your pet: Imagine returning home on an evening when you are in no hurry. A pet that is close to you is waiting at the door, full of energy, and brings its favorite toy. A family member you know well is also relaxing nearby. Respond naturally to each instruction and utterance that follows.",7,"After playing, your pet falls asleep beside you with one paw still resting on the toy. Your family member lowers their voice.",It still won't let go of the toy even in its sleep. It must really love playing with you.,"Gentle smile｜Tender smile: Trust and calm companionship are intended to evoke a quiet, lasting smile.",illustrations/scene_015_pet_play.png
"Playing with a child you are fond of: Imagine building blocks at a relative’s home with a familiar four-to-six-year-old child whom you like. The child trusts you and speaks directly, and no real caregiving risk is involved. Respond naturally to each instruction and utterance that follows.",1,The child runs to you and pulls you toward a half-built block structure.,Come and look! This is the castle I built. Do you think it looks real?,Gentle smile｜Encouraging smile: A child sharing an achievement and seeking approval are intended to evoke a supportive smile.,illustrations/scene_016_child_play.png
"Playing with a child you are fond of: Imagine building blocks at a relative’s home with a familiar four-to-six-year-old child whom you like. The child trusts you and speaks directly, and no real caregiving risk is involved. Respond naturally to each instruction and utterance that follows.",2,The child hands you a block and points firmly to the spot beside them.,Sit here and build it with me. You're the only person allowed to place this piece.,"Gentle smile｜Smile of closeness: A direct invitation and trust are intended to evoke a gentle, connected smile.",illustrations/scene_016_child_play.png
"Playing with a child you are fond of: Imagine building blocks at a relative’s home with a familiar four-to-six-year-old child whom you like. The child trusts you and speaks directly, and no real caregiving risk is involved. Respond naturally to each instruction and utterance that follows.",3,"You deliberately put a block in the wrong place, and the child immediately assumes the role of teacher.","No, no, that piece goes here. I'll show you how to build it properly.",Joyful smile｜Happy smile: The reversal of roles and the child’s seriousness are intended to evoke natural enjoyment.,illustrations/scene_016_child_play.png
"Playing with a child you are fond of: Imagine building blocks at a relative’s home with a familiar four-to-six-year-old child whom you like. The child trusts you and speaks directly, and no real caregiving risk is involved. Respond naturally to each instruction and utterance that follows.",4,A family member calls the child to wash their hands. The child holds your arm and refuses to leave.,"Play with me for five more minutes. Just five minutes, and then I'll wash my hands.","Gentle smile｜Affectionate smile: Harmless pleading and attachment are intended to evoke an affectionate, slightly conflicted smile.",illustrations/scene_016_child_play.png
"Playing with a child you are fond of: Imagine building blocks at a relative’s home with a familiar four-to-six-year-old child whom you like. The child trusts you and speaks directly, and no real caregiving risk is involved. Respond naturally to each instruction and utterance that follows.",5,"You promise to continue after they wash their hands, but the child still holds on and looks up for confirmation.","You really won't leave, will you? You have to wait here until I come back.",Gentle smile｜Tender smile: A child’s mild worry about separation and need for reassurance are intended to evoke a caring smile.,illustrations/scene_016_child_play.png
"Playing with a child you are fond of: Imagine building blocks at a relative’s home with a familiar four-to-six-year-old child whom you like. The child trusts you and speaks directly, and no real caregiving risk is involved. Respond naturally to each instruction and utterance that follows.",6,A family member sees how attached the child is to you and explains with a smile.,They haven't listened to anyone today. It looks as though you're the only person they'll listen to now.,Social smile｜Self-conscious polite smile: Public attention to a close bond is intended to evoke a bashful social smile.,illustrations/scene_016_child_play.png
Reacting to behavior you dislike: Imagine a fictional group project in which one member does little work but repeatedly interrupts others during the presentation and presents the team’s results as mainly their own. Respond naturally to each instruction and utterance that follows.,1,"During a group presentation, a member who did very little work answers before everyone else.","I know this part best, so I should answer for the team.","Derisive smile｜Cold, disdainful smile: The gap between actual contribution and self-promotion is intended to evoke restrained disdain.",illustrations/scene_017_annoying_behavior.png
Reacting to behavior you dislike: Imagine a fictional group project in which one member does little work but repeatedly interrupts others during the presentation and presents the team’s results as mainly their own. Respond naturally to each instruction and utterance that follows.,2,"The host praises the team's preparation, and this member immediately responds.",The presentation is this well prepared mainly because I kept everyone working to my standards.,Derisive smile｜Scoff: Obvious credit-taking and self-aggrandizement are intended to evoke a brief dismissive smile.,illustrations/scene_017_annoying_behavior.png
Reacting to behavior you dislike: Imagine a fictional group project in which one member does little work but repeatedly interrupts others during the presentation and presents the team’s results as mainly their own. Respond naturally to each instruction and utterance that follows.,3,"When it is your turn to speak, this member leans toward you and offers advice in a patronizing tone.",Don't go into too much detail. The people here probably won't understand it.,Derisive smile｜Disdainful smile: An unsupported superior attitude is intended to evoke a look of disdain.,illustrations/scene_017_annoying_behavior.png
Reacting to behavior you dislike: Imagine a fictional group project in which one member does little work but repeatedly interrupts others during the presentation and presents the team’s results as mainly their own. Respond naturally to each instruction and utterance that follows.,4,"An error appears in the part this member was responsible for, and they immediately explain it away.",Someone else must have changed that detail later. It wasn't in my original version.,Derisive smile｜Mocking smile: The double standard of taking credit and shifting blame is intended to evoke a mocking smile.,illustrations/scene_017_annoying_behavior.png
Reacting to behavior you dislike: Imagine a fictional group project in which one member does little work but repeatedly interrupts others during the presentation and presents the team’s results as mainly their own. Respond naturally to each instruction and utterance that follows.,5,"The meeting continues. After you clarify the actual division of work, the member pretends to accept it.","Fine. If you insist on explaining all those details, then go ahead and continue your way.",Social smile｜Suppressed professional smile: Professional norms and restraint of conflict are intended to evoke a polite smile without genuine pleasure.,illustrations/scene_017_annoying_behavior.png
Reacting to behavior you dislike: Imagine a fictional group project in which one member does little work but repeatedly interrupts others during the presentation and presents the team’s results as mainly their own. Respond naturally to each instruction and utterance that follows.,6,"After the meeting, this member evaluates the collaboration as if nothing problematic happened.",Everyone worked reasonably well today. The result mostly met my expectations.,"Derisive smile｜Cold smile: The inconsistency between behavior and self-assessment is intended to evoke a detached, cold smile.",illustrations/scene_017_annoying_behavior.png
Reacting to behavior you dislike: Imagine a fictional group project in which one member does little work but repeatedly interrupts others during the presentation and presents the team’s results as mainly their own. Respond naturally to each instruction and utterance that follows.,7,"Back at your desk, you discover that you still have to work with this person. They approach with the next assignment.","We should stay partners for the next part. If you follow my approach more closely, it will be much easier for you.",Bittersweet smile｜Resigned smile: Having no choice about future cooperation is intended to evoke tired resignation.,illustrations/scene_017_annoying_behavior.png
"Carrying out a harmless prank: Imagine preparing a birthday gift for a close friend who enjoys lighthearted jokes. The real gift is hidden in the refrigerator. On the table is only a decoy gift made of many nested boxes, with a clue inside each layer. Respond naturally to each instruction and utterance that follows.",1,"Before your friend arrives, you and an accomplice check the order of the many nested gift boxes. Your accomplice confirms the plan quietly.","All the boxes are in the right order. You need to act as if you know nothing, and whatever you do, don't laugh too soon.","Sly smile｜Planning smile: A harmless plan and a shared secret are intended to evoke a playful, calculating smile.",illustrations/scene_018_harmless_prank.png
"Carrying out a harmless prank: Imagine preparing a birthday gift for a close friend who enjoys lighthearted jokes. The real gift is hidden in the refrigerator. On the table is only a decoy gift made of many nested boxes, with a clue inside each layer. Respond naturally to each instruction and utterance that follows.",2,Your friend sees the large box on the table and notices that everyone in the room is unusually quiet.,Why is everyone so quiet today? Are you hiding something from me?,Sly smile｜Smile concealing an intention: The conflict between knowing and pretending is intended to evoke a smile that is difficult to suppress completely.,illustrations/scene_018_harmless_prank.png
"Carrying out a harmless prank: Imagine preparing a birthday gift for a close friend who enjoys lighthearted jokes. The real gift is hidden in the refrigerator. On the table is only a decoy gift made of many nested boxes, with a clue inside each layer. Respond naturally to each instruction and utterance that follows.",3,"Your friend opens the first layer, finds another box inside, and looks at you suspiciously.","Why is there another box in here? This wasn't your idea, was it?",Sly smile｜Knowing smile: The other person beginning to suspect the secret is intended to evoke a smile based on unequal information.,illustrations/scene_018_harmless_prank.png
"Carrying out a harmless prank: Imagine preparing a birthday gift for a close friend who enjoys lighthearted jokes. The real gift is hidden in the refrigerator. On the table is only a decoy gift made of many nested boxes, with a clue inside each layer. Respond naturally to each instruction and utterance that follows.",4,"After opening the third layer, your friend stops deliberately as if they have identified the person behind it.",I already know who planned this. You should confess now.,"Sly smile｜Suppressed giggle: Almost being exposed and sharing the secret are intended to evoke a quiet, concealed smile.",illustrations/scene_018_harmless_prank.png
"Carrying out a harmless prank: Imagine preparing a birthday gift for a close friend who enjoys lighthearted jokes. The real gift is hidden in the refrigerator. On the table is only a decoy gift made of many nested boxes, with a clue inside each layer. Respond naturally to each instruction and utterance that follows.",5,The final box contains only a clue pointing to the real gift.,"The real gift is where I usually look for food? You didn't hide it in the refrigerator, did you?","Sly smile｜Smile before the reveal: Knowing the ending is about to be discovered is intended to evoke a pleased, anticipatory smile.",illustrations/scene_018_harmless_prank.png
"Carrying out a harmless prank: Imagine preparing a birthday gift for a close friend who enjoys lighthearted jokes. The real gift is hidden in the refrigerator. On the table is only a decoy gift made of many nested boxes, with a clue inside each layer. Respond naturally to each instruction and utterance that follows.",6,Your friend finds the real gift in the refrigerator and looks back at everyone after recovering from the surprise.,"You went to far too much trouble, but I honestly love this surprise.",Joyful smile｜Shared happy smile: A safe prank ending in a real gift and a positive response is intended to evoke genuine enjoyment.,illustrations/scene_018_harmless_prank.png
"Carrying out a harmless prank: Imagine preparing a birthday gift for a close friend who enjoys lighthearted jokes. The real gift is hidden in the refrigerator. On the table is only a decoy gift made of many nested boxes, with a clue inside each layer. Respond naturally to each instruction and utterance that follows.",7,"Your friend reenacts their reaction to each layer, and everyone else starts remembering it too.","Look, this is exactly what I did at the third box. I was convinced the next one had to be the real gift.",Uncontrollable laughter｜Contagious laughter: Group laughter and repeated imitation are intended to evoke laughter that is difficult to stop.,illustrations/scene_018_harmless_prank.png
"Talking with a stranger at a party: Imagine attending a small gathering hosted by a friend. Most guests know one another, but you know only the host. A friendly stranger approaches you in a quiet corner and starts a conversation. Respond naturally to each instruction and utterance that follows.",1,"At a small party, a friendly stranger approaches, introduces themselves, and begins with a shared connection.","Hi, I work with the host. How do you know them?",Social smile｜Polite smile: A safe topic involving a mutual contact is intended to evoke a conventional polite smile.,illustrations/scene_019_party_stranger.png
"Talking with a stranger at a party: Imagine attending a small gathering hosted by a friend. Most guests know one another, but you know only the host. A friendly stranger approaches you in a quiet corner and starts a conversation. Respond naturally to each instruction and utterance that follows.",2,"After establishing the shared connection, the stranger chooses another low-risk topic.","Where are you from? I've visited a city nearby, and I had a really good impression of the area.",Social smile｜Conversation-maintaining smile: Low-risk exchange of personal information is intended to evoke a sustained friendly smile.,illustrations/scene_019_party_stranger.png
"Talking with a stranger at a party: Imagine attending a small gathering hosted by a friend. Most guests know one another, but you know only the host. A friendly stranger approaches you in a quiet corner and starts a conversation. Respond naturally to each instruction and utterance that follows.",3,"The stranger has just used the wrong name for you, notices immediately, and pauses to apologize.",I'm sorry—I just got your name wrong. I hope you don't mind.,Social smile｜Tension-easing smile: A minor mistake and its repair are intended to evoke a reassuring smile.,illustrations/scene_019_party_stranger.png
"Talking with a stranger at a party: Imagine attending a small gathering hosted by a friend. Most guests know one another, but you know only the host. A friendly stranger approaches you in a quiet corner and starts a conversation. Respond naturally to each instruction and utterance that follows.",4,The host sees that the two of you are talking and joins with a teasing comment.,It looks like you're already getting along. Do I even need to introduce you properly anymore?,Shy smile｜Bashful smile: A playful suggestion from a third person and the feeling of being observed are intended to evoke a restrained smile.,illustrations/scene_019_party_stranger.png
"Talking with a stranger at a party: Imagine attending a small gathering hosted by a friend. Most guests know one another, but you know only the host. A friendly stranger approaches you in a quiet corner and starts a conversation. Respond naturally to each instruction and utterance that follows.",5,"A short silence develops between you and the stranger, and they acknowledge it directly.",Have we already used up all of the safe conversation topics?,Shy smile｜Awkward smile: Mutual recognition of a pause is intended to evoke a smile that eases the atmosphere.,illustrations/scene_019_party_stranger.png
"Talking with a stranger at a party: Imagine attending a small gathering hosted by a friend. Most guests know one another, but you know only the host. A friendly stranger approaches you in a quiet corner and starts a conversation. Respond naturally to each instruction and utterance that follows.",6,"You discover that you both like the same obscure work, and the stranger immediately mentions a detail only a fan would know.",You've seen it too? I still think about that long final shot with no dialogue.,Joyful smile｜Happy smile of connection: Moving from polite small talk to a genuine shared interest is intended to evoke natural pleasure.,illustrations/scene_019_party_stranger.png
"Meeting someone you mutually like for the first time: Imagine meeting alone in a café with someone you have spoken with several times and with whom there is mutual interest. The conversation is going well, but both of you know it is more significant than an ordinary meeting between friends. Respond naturally to each instruction and utterance that follows.",1,"The person arrived early and stands as soon as they see you, admitting that they were nervous.",I kept wondering what the first thing I should say would be when I saw you.,"Shy smile｜Nervous, bashful smile: Mutual acknowledgment of nervousness and anticipation is intended to evoke a restrained smile.",illustrations/scene_020_first_date.png
"Meeting someone you mutually like for the first time: Imagine meeting alone in a café with someone you have spoken with several times and with whom there is mutual interest. The conversation is going well, but both of you know it is more significant than an ordinary meeting between friends. Respond naturally to each instruction and utterance that follows.",2,"After sitting down, you realize that they remembered a drink preference you mentioned casually long ago.","I remembered you saying you liked this flavor, so I asked the staff in advance. They happen to have it today.",Gentle smile｜Affectionate smile: Being remembered and treated thoughtfully are intended to evoke a warm smile of closeness.,illustrations/scene_020_first_date.png
"Meeting someone you mutually like for the first time: Imagine meeting alone in a café with someone you have spoken with several times and with whom there is mutual interest. The conversation is going well, but both of you know it is more significant than an ordinary meeting between friends. Respond naturally to each instruction and utterance that follows.",3,"As the conversation becomes more relaxed, they look at you seriously and share how the meeting feels.",You're even easier to relax around in person than you are online. I stopped feeling nervous once you arrived.,"Shy smile｜Pressed-lip smile: Direct appreciation and focused attention are intended to evoke a restrained, gaze-averting smile.",illustrations/scene_020_first_date.png
"Meeting someone you mutually like for the first time: Imagine meeting alone in a café with someone you have spoken with several times and with whom there is mutual interest. The conversation is going well, but both of you know it is more significant than an ordinary meeting between friends. Respond naturally to each instruction and utterance that follows.",4,"You both reach for a napkin, touch hands, and pull back at the same time. They speak first to ease the moment.",It looks as though even our timing for reaching for a napkin is the same.,"Shy smile｜Awkward, sweet smile: Brief unexpected contact and synchronized withdrawal are intended to evoke a mixture of shyness and pleasure.",illustrations/scene_020_first_date.png
"Meeting someone you mutually like for the first time: Imagine meeting alone in a café with someone you have spoken with several times and with whom there is mutual interest. The conversation is going well, but both of you know it is more significant than an ordinary meeting between friends. Respond naturally to each instruction and utterance that follows.",5,They talk about recent pressure and connect today's meeting with how they now feel.,I feel much better after seeing you today. Thank you for letting me talk about all of that.,Gentle smile｜Caring smile: Emotional disclosure and trust are intended to evoke a caring smile.,illustrations/scene_020_first_date.png
"Meeting someone you mutually like for the first time: Imagine meeting alone in a café with someone you have spoken with several times and with whom there is mutual interest. The conversation is going well, but both of you know it is more significant than an ordinary meeting between friends. Respond naturally to each instruction and utterance that follows.",6,"As you prepare to leave, they do not say goodbye immediately and cautiously suggest another meeting.",Would you like to try another café with me next week? I'd really like to keep talking with you.,Joyful smile｜Happy anticipatory smile: Positive continuation of the relationship is intended to evoke a naturally bright smile.,illustrations/scene_020_first_date.png
"A hidden-role board game: Imagine playing a hidden-role game with familiar friends and no money at stake. You receive a role that must remain secret. Misleading others and reasoning are part of the rules, and everyone treats the conflict as play. Respond naturally to each instruction and utterance that follows.",1,You look at your hidden-role card and place it face down. A friend immediately studies your reaction.,Why did you suddenly go quiet after seeing your card? I think there's something suspicious about your role.,Sly smile｜Smile concealing an intention: Holding secret information while controlling one’s behavior is intended to evoke an ambiguous smile.,illustrations/scene_021_hidden_role_game.png
"A hidden-role board game: Imagine playing a hidden-role game with familiar friends and no money at stake. You receive a role that must remain secret. Misleading others and reasoning are part of the rules, and everyone treats the conflict as play. Respond naturally to each instruction and utterance that follows.",2,Your friend continues watching you and directly points out what they noticed.,Your expression changed when you saw your card. Stop pretending—I'm already suspicious of you.,"Sly smile｜Playful response to suspicion: Being tested while protecting a secret is intended to evoke a quick, playful smile.",illustrations/scene_021_hidden_role_game.png
"A hidden-role board game: Imagine playing a hidden-role game with familiar friends and no money at stake. You receive a role that must remain secret. Misleading others and reasoning are part of the rules, and everyone treats the conflict as play. Respond naturally to each instruction and utterance that follows.",3,"You successfully redirect the discussion toward another player, who begins defending themselves seriously.",Why is everyone suddenly accusing me? The person who redirected the discussion first is obviously more suspicious.,Sly smile｜Strategic smile: A strategy that is temporarily working is intended to evoke restrained satisfaction.,illustrations/scene_021_hidden_role_game.png
"A hidden-role board game: Imagine playing a hidden-role game with familiar friends and no money at stake. You receive a role that must remain secret. Misleading others and reasoning are part of the rules, and everyone treats the conflict as play. Respond naturally to each instruction and utterance that follows.",4,"A teammate almost reveals something close to the truth, exchanges a quick look with you, and tries to recover.",That was just a random guess. Don't connect the two of us because of one sentence.,Sly smile｜Knowing suppressed smile: A shared secret that nearly becomes exposed is intended to evoke a brief concealed smile.,illustrations/scene_021_hidden_role_game.png
"A hidden-role board game: Imagine playing a hidden-role game with familiar friends and no money at stake. You receive a role that must remain secret. Misleading others and reasoning are part of the rules, and everyone treats the conflict as play. Respond naturally to each instruction and utterance that follows.",5,A friend known for good reasoning gives a long explanation but reaches a completely wrong conclusion.,The truth is obvious now. The most suspicious person definitely isn't you—it's that player.,Social smile｜Cooperative game smile: Avoiding exposing incorrect reasoning while maintaining the game is intended to evoke a controlled smile.,illustrations/scene_021_hidden_role_game.png
"A hidden-role board game: Imagine playing a hidden-role game with familiar friends and no money at stake. You receive a role that must remain secret. Misleading others and reasoning are part of the rules, and everyone treats the conflict as play. Respond naturally to each instruction and utterance that follows.",6,"When the roles are revealed, your friend discovers that you had been misleading everyone since the first round.",It really was you! We let you lead us in the wrong direction from the very first round.,Joyful smile｜Pleased smile: A successful strategy and safe reveal are intended to evoke visible enjoyment.,illustrations/scene_021_hidden_role_game.png
"A hidden-role board game: Imagine playing a hidden-role game with familiar friends and no money at stake. You receive a role that must remain secret. Misleading others and reasoning are part of the rules, and everyone treats the conflict as play. Respond naturally to each instruction and utterance that follows.",7,"Your friend reconstructs every suspicious statement you made, and the others join the review.","Looking back, everything you said was suspicious. How did all of us believe you at the time?",Uncontrollable laughter｜Group laughter: Retelling the game and contagious laughter are intended to evoke laughter that is difficult to control.,illustrations/scene_021_hidden_role_game.png
"Watching and retelling a comedy blooper reel: Imagine watching harmless behind-the-scenes footage with a familiar friend. An actor must deliver a simple serious line but repeatedly fails because of slips of the tongue, props, and contagious laughter. Respond naturally to each instruction and utterance that follows.",1,"In the outtake, an actor reverses the key words in a serious line but tries to continue the scene.","We have to retreat before sunrise—no, I mean the sun has to retreat before we rise.","Joyful smile｜Light smile: A clear, harmless mistake is intended to evoke natural amusement.",illustrations/scene_022_comedy_bloopers.png
"Watching and retelling a comedy blooper reel: Imagine watching harmless behind-the-scenes footage with a familiar friend. An actor must deliver a simple serious line but repeatedly fails because of slips of the tongue, props, and contagious laughter. Respond naturally to each instruction and utterance that follows.",2,"The director asks for another take, and the actor seriously promises not to make the same mistake.","I definitely won't get it wrong this time. We have to, before we retreat... No, I did it again.",Uncontrollable laughter｜Sudden laughter: A promise followed immediately by failure is intended to evoke a burst of laughter.,illustrations/scene_022_comedy_bloopers.png
"Watching and retelling a comedy blooper reel: Imagine watching harmless behind-the-scenes footage with a familiar friend. An actor must deliver a simple serious line but repeatedly fails because of slips of the tongue, props, and contagious laughter. Respond naturally to each instruction and utterance that follows.",3,"The actor is already laughing too hard to speak, and the scene partner begins laughing as well.","Don't look at me. The moment you look at me, I can't even say the first word.",Uncontrollable laughter｜Contagious laughter: Other people’s genuine laughter is intended to sustain one’s own laughter.,illustrations/scene_022_comedy_bloopers.png
"Watching and retelling a comedy blooper reel: Imagine watching harmless behind-the-scenes footage with a familiar friend. An actor must deliver a simple serious line but repeatedly fails because of slips of the tongue, props, and contagious laughter. Respond naturally to each instruction and utterance that follows.",4,"Before the third take, everyone tries to remain serious, and the director gives another instruction.",Everyone hold it together. Nobody laughs in this take. Let's get through it once.,Uncontrollable laughter｜Anticipatory laughter: Expectation of a repeated joke is intended to evoke laughter before it occurs.,illustrations/scene_022_comedy_bloopers.png
"Watching and retelling a comedy blooper reel: Imagine watching harmless behind-the-scenes footage with a familiar friend. An actor must deliver a simple serious line but repeatedly fails because of slips of the tongue, props, and contagious laughter. Respond naturally to each instruction and utterance that follows.",5,Your friend pauses the video and deliberately asks you to analyze the joke in a serious voice.,"Now, without laughing at all, please explain exactly what was so funny about that.",Uncontrollable laughter｜Failed-to-suppress laughter: A demand for control conflicting with lingering arousal is intended to evoke repeated loss of composure.,illustrations/scene_022_comedy_bloopers.png
"Watching and retelling a comedy blooper reel: Imagine watching harmless behind-the-scenes footage with a familiar friend. An actor must deliver a simple serious line but repeatedly fails because of slips of the tongue, props, and contagious laughter. Respond naturally to each instruction and utterance that follows.",6,You have just regained your composure when your friend suddenly imitates the actor's mistake.,"The sun has to retreat before we rise. I said it correctly that time, didn't I?",Uncontrollable laughter｜Renewed laughter: Immediate imitation of the joke is intended to evoke another burst.,illustrations/scene_022_comedy_bloopers.png
"Watching and retelling a comedy blooper reel: Imagine watching harmless behind-the-scenes footage with a familiar friend. An actor must deliver a simple serious line but repeatedly fails because of slips of the tongue, props, and contagious laughter. Respond naturally to each instruction and utterance that follows.",7,"On the final take, the actor says the line correctly, but a prop slowly falls over in the background. The director reacts.","The line was finally right, so why did the prop behind them fall over by itself?",Uncontrollable laughter｜Repeated laughter: Success being interrupted by a new event is intended to evoke strong continuing laughter.,illustrations/scene_022_comedy_bloopers.png
"Watching and retelling a comedy blooper reel: Imagine watching harmless behind-the-scenes footage with a familiar friend. An actor must deliver a simple serious line but repeatedly fails because of slips of the tongue, props, and contagious laughter. Respond naturally to each instruction and utterance that follows.",8,The video has ended and the room is quiet again. Your friend starts remembering the mispronounced line whenever you make eye contact.,"If you can avoid saying that line again, I might actually be able to stop laughing.",Social smile｜Shared afterglow smile: A shared memory and eye contact are intended to evoke mild recurring amusement.,illustrations/scene_022_comedy_bloopers.png
Wrapping up after a team proposal fails: Imagine that you and several coworkers prepared a proposal for weeks but were not selected. The team must still attend a short wrap-up and speak with members of the selected team in the same space. Respond naturally to each instruction and utterance that follows.,1,"The results page is fully loaded, and your team's name is absent from the selected list. The team lead confirms the outcome.",The complete list has been published. Our proposal wasn't selected this time.,Bittersweet smile｜Disappointed smile: Effort not matched by the outcome is intended to evoke a smile tinged with disappointment.,illustrations/scene_023_project_setback.png
Wrapping up after a team proposal fails: Imagine that you and several coworkers prepared a proposal for weeks but were not selected. The team must still attend a short wrap-up and speak with members of the selected team in the same space. Respond naturally to each instruction and utterance that follows.,2,"The team falls silent, and the lead tries to comfort everyone with a factual statement.",At least we did everything we could. Everyone worked incredibly hard over the past few weeks.,Bittersweet smile｜Resigned smile: Factually correct consolation that cannot remove the disappointment is intended to evoke resignation.,illustrations/scene_023_project_setback.png
Wrapping up after a team proposal fails: Imagine that you and several coworkers prepared a proposal for weeks but were not selected. The team must still attend a short wrap-up and speak with members of the selected team in the same space. Respond naturally to each instruction and utterance that follows.,3,"An acquaintance from the selected team comes over, shakes your hand, and recognizes your team's work.",I was impressed by how well prepared your team was. I hope we have a chance to work together later.,Social smile｜Professional congratulatory smile: Courtesy and genuine disappointment occurring together are intended to evoke a restrained polite smile.,illustrations/scene_023_project_setback.png
Wrapping up after a team proposal fails: Imagine that you and several coworkers prepared a proposal for weeks but were not selected. The team must still attend a short wrap-up and speak with members of the selected team in the same space. Respond naturally to each instruction and utterance that follows.,4,A teammate believes their section caused the whole group to fail and repeatedly blames themselves.,"If I had done my part better, maybe the rest of you wouldn't have lost this opportunity too.",Gentle smile｜Supportive smile: A teammate’s need for reassurance and shared responsibility are intended to evoke a warm supportive smile.,illustrations/scene_023_project_setback.png
Wrapping up after a team proposal fails: Imagine that you and several coworkers prepared a proposal for weeks but were not selected. The team must still attend a short wrap-up and speak with members of the selected team in the same space. Respond naturally to each instruction and utterance that follows.,5,"While organizing files, the team finds the earliest version and remembers how confident everyone once felt. A teammate speaks quietly.","Back then, we honestly thought this proposal was certain to be selected.",Bittersweet smile｜Wistful smile: Contrasting earlier hope with the current outcome is intended to evoke a wistful smile.,illustrations/scene_023_project_setback.png
Wrapping up after a team proposal fails: Imagine that you and several coworkers prepared a proposal for weeks but were not selected. The team must still attend a short wrap-up and speak with members of the selected team in the same space. Respond naturally to each instruction and utterance that follows.,6,The lead believes the existing work still has value and proposes using it for another opportunity.,None of these materials will be wasted. We can revise them and submit them for the next opportunity.,Joyful smile｜Hopeful smile: The possibility that the effort retains value is intended to evoke mild hope.,illustrations/scene_023_project_setback.png
Wrapping up after a team proposal fails: Imagine that you and several coworkers prepared a proposal for weeks but were not selected. The team must still attend a short wrap-up and speak with members of the selected team in the same space. Respond naturally to each instruction and utterance that follows.,7,"Before leaving, the team decides to pause the review and go out for food together.",Let's stop discussing what went wrong for today. We'll get something to eat and let this day end first.,Bittersweet smile｜Smile of temporary relief: Shared disappointment combined with setting it aside is intended to evoke a bittersweet but relaxed smile.,illustrations/scene_023_project_setback.png
"Facing a coworker who boasts and makes excuses: Imagine a lunch break in which a coworker repeatedly exaggerates their ability and says the team cannot function without them. Everyone knows they made a simple mistake that morning, but no one wants lunch to become an argument. Respond naturally to each instruction and utterance that follows.",1,"During lunch, this colleague exaggerates their abilities and waits for everyone to agree.",I never need anyone to remind me on any project. The team basically couldn't function without me.,Derisive smile｜Disdainful smile: Conflict between exaggerated self-assessment and known facts is intended to evoke disdain.,illustrations/scene_024_boastful_colleague.png
"Facing a coworker who boasts and makes excuses: Imagine a lunch break in which a coworker repeatedly exaggerates their ability and says the team cannot function without them. Everyone knows they made a simple mistake that morning, but no one wants lunch to become an argument. Respond naturally to each instruction and utterance that follows.",2,"Someone mentions that they failed to submit a file that morning, and they immediately blame the external system.","The system is outdated. It wasn't my fault. With a normal system, the file would have gone through.",Derisive smile｜Scoff: Obvious displacement of responsibility is intended to evoke a brief dismissive smile.,illustrations/scene_024_boastful_colleague.png
"Facing a coworker who boasts and makes excuses: Imagine a lunch break in which a coworker repeatedly exaggerates their ability and says the team cannot function without them. Everyone knows they made a simple mistake that morning, but no one wants lunch to become an argument. Respond naturally to each instruction and utterance that follows.",3,They claim that capable people do not need to follow procedures and then ask directly for your opinion.,"People with real ability don't need to follow rigid procedures. You agree with that too, don't you?","Social smile｜Polite, noncommittal smile: Direct pressure for agreement and avoidance of conflict are intended to evoke a smile without genuine pleasure.",illustrations/scene_024_boastful_colleague.png
"Facing a coworker who boasts and makes excuses: Imagine a lunch break in which a coworker repeatedly exaggerates their ability and says the team cannot function without them. Everyone knows they made a simple mistake that morning, but no one wants lunch to become an argument. Respond naturally to each instruction and utterance that follows.",4,"After excusing their own mistake, they criticize another colleague for submitting materials late.",They can't even submit their materials on time. That shows a serious lack of professionalism.,Derisive smile｜Cold smile: Applying lenient rules to oneself and strict rules to others is intended to evoke a cold smile.,illustrations/scene_024_boastful_colleague.png
"Facing a coworker who boasts and makes excuses: Imagine a lunch break in which a coworker repeatedly exaggerates their ability and says the team cannot function without them. Everyone knows they made a simple mistake that morning, but no one wants lunch to become an argument. Respond naturally to each instruction and utterance that follows.",5,"Someone reminds them that they just said procedures were unimportant. After a pause, they make an exception for themselves.",My situation was different. I had a system problem; that person simply lacks ability.,Derisive smile｜Mocking smile: Forced self-exemption after a contradiction is exposed is intended to evoke mockery.,illustrations/scene_024_boastful_colleague.png
"Facing a coworker who boasts and makes excuses: Imagine a lunch break in which a coworker repeatedly exaggerates their ability and says the team cannot function without them. Everyone knows they made a simple mistake that morning, but no one wants lunch to become an argument. Respond naturally to each instruction and utterance that follows.",6,"They describe how they supposedly saved a project, but the details differ sharply from what you witnessed.","If I hadn't rescued the situation single-handedly, that entire project would have completely failed.",Derisive smile｜Contemptuous smile: Repackaging credit is intended to evoke a contemptuous smile.,illustrations/scene_024_boastful_colleague.png
"Facing a coworker who boasts and makes excuses: Imagine a lunch break in which a coworker repeatedly exaggerates their ability and says the team cannot function without them. Everyone knows they made a simple mistake that morning, but no one wants lunch to become an argument. Respond naturally to each instruction and utterance that follows.",7,"As lunch ends, they pat you on the shoulder before leaving.",Work with me more often. You can learn a lot from me.,Social smile｜Professional closing smile: The need to end the interaction while preserving the surface relationship is intended to evoke a conventional smile.,illustrations/scene_024_boastful_colleague.png
"Facing a coworker who boasts and makes excuses: Imagine a lunch break in which a coworker repeatedly exaggerates their ability and says the team cannot function without them. Everyone knows they made a simple mistake that morning, but no one wants lunch to become an argument. Respond naturally to each instruction and utterance that follows.",8,"Back at your desk, you discover that you still have to work together that afternoon. They quickly send instructions.",We're working together on this task this afternoon. Just follow the steps I give you.,Bittersweet smile｜Resigned smile: Being unable to avoid an unwelcome interaction is intended to evoke tired resignation.,illustrations/scene_024_boastful_colleague.png
"Thinking your phone is lost and then finding it: Imagine preparing to leave a café and being unable to find your phone in your pockets or on the table. It contains important information, and you cannot remember whether you last used it inside or outside. Respond naturally to each instruction and utterance that follows.",1,"You have checked the table, your coat, and the usual pockets in your bag but still cannot find your phone. Your friend notices your growing anxiety.",Try not to panic. Think about the last time you took your phone out—was it here or somewhere on the way?,Bittersweet smile｜Nervous wry smile: Possible loss of an important item and uncertain memory are intended to evoke a strained smile.,illustrations/scene_025_phone_found.png
"Thinking your phone is lost and then finding it: Imagine preparing to leave a café and being unable to find your phone in your pockets or on the table. It contains important information, and you cannot remember whether you last used it inside or outside. Respond naturally to each instruction and utterance that follows.",2,You return to the counter to ask whether anyone found a phone while other customers wait. The clerk responds politely.,"No one has turned in a phone yet, but I can ask the other staff members for you.",Social smile｜Apologetic polite smile: Asking a stranger for help while taking their time is intended to evoke an apologetic smile.,illustrations/scene_025_phone_found.png
"Thinking your phone is lost and then finding it: Imagine preparing to leave a café and being unable to find your phone in your pockets or on the table. It contains important information, and you cannot remember whether you last used it inside or outside. Respond naturally to each instruction and utterance that follows.",3,"The staff still cannot find it, so your friend suggests calling your number to locate it.",I'll call your phone now. Listen carefully for any sound nearby.,Bittersweet smile｜Resigned smile: A simple final method not immediately working is intended to evoke resignation.,illustrations/scene_025_phone_found.png
"Thinking your phone is lost and then finding it: Imagine preparing to leave a café and being unable to find your phone in your pockets or on the table. It contains important information, and you cannot remember whether you last used it inside or outside. Respond naturally to each instruction and utterance that follows.",4,"Once the area becomes quiet, you hear a faint vibration from the bottom of your bag. Your friend hears it too.",Wait—the sound seems to be coming from inside your bag.,"Joyful smile｜Surprised, relieved smile: Sudden removal of a threat is intended to evoke a quick, clear smile.",illustrations/scene_025_phone_found.png
"Thinking your phone is lost and then finding it: Imagine preparing to leave a café and being unable to find your phone in your pockets or on the table. It contains important information, and you cannot remember whether you last used it inside or outside. Respond naturally to each instruction and utterance that follows.",5,You take the phone from a compartment you rarely use and remember placing it there for safety. Your friend looks at you.,"So, to keep your phone from getting lost, you hid it somewhere even you couldn't find it?",Uncontrollable laughter｜Self-deprecating laugh: Relief combined with one’s own contradiction is intended to evoke sudden laughter.,illustrations/scene_025_phone_found.png
"Thinking your phone is lost and then finding it: Imagine preparing to leave a café and being unable to find your phone in your pockets or on the table. It contains important information, and you cannot remember whether you last used it inside or outside. Respond naturally to each instruction and utterance that follows.",6,"Once the call connects, your friend hears you laughing and asks again where the phone was.",So where was it? Please don't tell me it was in your own bag the entire time.,Uncontrollable laughter｜Failed-to-suppress laughter: Retelling the absurd sequence is intended to reactivate laughter.,illustrations/scene_025_phone_found.png
"Thinking your phone is lost and then finding it: Imagine preparing to leave a café and being unable to find your phone in your pockets or on the table. It contains important information, and you cannot remember whether you last used it inside or outside. Respond naturally to each instruction and utterance that follows.",7,You thank the clerk and apologize for the interruption. The clerk is relieved too.,"I'm just glad you found it. I was worried as well, so there's no need to apologize.","Joyful smile｜Relaxed, grateful smile: Resolution and a kind response are intended to evoke a sincere, relaxed smile.",illustrations/scene_025_phone_found.png
Preparing a secret surprise party for a friend: Imagine borrowing a familiar room with several friends for a small birthday surprise. The guest of honor expects an ordinary dinner and has messaged that they are almost at the door. Respond naturally to each instruction and utterance that follows.,1,You switch off the lights and take your positions. Your friend's key can already be heard outside. An accomplice whispers a reminder.,"They're at the door. Everyone stay quiet, and wait until I turn on the lights before we say anything.",Sly smile｜Anticipatory suppressed smile: A shared secret about to be revealed is intended to evoke a smile that is difficult to hide.,illustrations/scene_026_surprise_party.png
Preparing a secret surprise party for a friend: Imagine borrowing a familiar room with several friends for a small birthday surprise. The guest of honor expects an ordinary dinner and has messaged that they are almost at the door. Respond naturally to each instruction and utterance that follows.,2,Your friend notices how quiet the room is from outside and sends a voice message.,Why is it so quiet in there? Don't tell me none of you have arrived yet.,Sly smile｜Smile concealing an intention: The need to make a believable misleading reply is intended to evoke a secretive smile.,illustrations/scene_026_surprise_party.png
Preparing a secret surprise party for a friend: Imagine borrowing a familiar room with several friends for a small birthday surprise. The guest of honor expects an ordinary dinner and has messaged that they are almost at the door. Respond naturally to each instruction and utterance that follows.,3,"The door handle begins turning, and one accomplice almost laughs too soon before whispering reassurance.","I know, I know. I'll hold it in. Just stop looking at me.",Sly smile｜Knowing suppressed smile: Shared restraint and almost being exposed are intended to evoke a conspiratorial smile.,illustrations/scene_026_surprise_party.png
Preparing a secret surprise party for a friend: Imagine borrowing a familiar room with several friends for a small birthday surprise. The guest of honor expects an ordinary dinner and has messaged that they are almost at the door. Respond naturally to each instruction and utterance that follows.,4,"Your friend enters the dark room and pauses in confusion, still unaware of the surprise.",Is anyone here? Why haven't you even turned on the lights?,Sly smile｜Knowing smile before the reveal: Knowing what the other person does not yet know is intended to evoke playful suspense.,illustrations/scene_026_surprise_party.png
Preparing a secret surprise party for a friend: Imagine borrowing a familiar room with several friends for a small birthday surprise. The guest of honor expects an ordinary dinner and has messaged that they are almost at the door. Respond naturally to each instruction and utterance that follows.,5,The lights come on and everyone delivers the birthday greeting. Your friend recovers from the confusion and looks around.,So this is what all of you were preparing! I honestly had no idea.,Joyful smile｜Shared delighted smile: A successful kind surprise and a positive response are intended to evoke genuine delight.,illustrations/scene_026_surprise_party.png
Preparing a secret surprise party for a friend: Imagine borrowing a familiar room with several friends for a small birthday surprise. The guest of honor expects an ordinary dinner and has messaged that they are almost at the door. Respond naturally to each instruction and utterance that follows.,6,Your friend finally connects all the unusual details from earlier and points toward you while reviewing them.,No wonder you were so slow to reply today. You've been misleading me since this morning.,Uncontrollable laughter｜Contagious group laughter: Reviewing near-failures after success is intended to evoke laughter that is difficult to stop.,illustrations/scene_026_surprise_party.png
