"情景","问题","目的","配图"
"Reuniting with a close friend after a long separation: Imagine leaving a station with your luggage on a weekday evening. In the crowd, you suddenly hear someone call you by a childhood nickname. You turn around and see a once-close friend whom you have not met for years. Neither of you expected the other to be there. Put yourself in the following moments in order.","Segment 1: You turn around before you have fully understood what is happening. Your friend has already recognized you and is walking quickly toward you with a smile. Show your expression as hesitation gives way to recognition.","Joyful smile｜Surprised smile: Unexpected recognition and a positive reunion are intended to evoke a brief, rapidly emerging expression of genuine pleasure.","illustrations/scene_001_reunion.png"
"Reuniting with a close friend after a long separation: Imagine leaving a station with your luggage on a weekday evening. In the crowd, you suddenly hear someone call you by a childhood nickname. You turn around and see a once-close friend whom you have not met for years. Neither of you expected the other to be there. Put yourself in the following moments in order.","Segment 2: Your friend stops in front of you, says, “It really is you. It’s been so long,” and naturally opens their arms. Show your expression as you respond to the reunion.","Joyful smile｜Open, delighted smile: Feeling welcomed after a long separation is intended to evoke a clear, open expression of happiness.","illustrations/scene_001_reunion.png"
"Reuniting with a close friend after a long separation: Imagine leaving a station with your luggage on a weekday evening. In the crowd, you suddenly hear someone call you by a childhood nickname. You turn around and see a once-close friend whom you have not met for years. Neither of you expected the other to be there. Put yourself in the following moments in order.","Segment 3: As you walk out of the station together, you compare how each of you has changed. Your friend says that one of your familiar mannerisms has not changed at all. Show your expression as you hear this.","Gentle smile｜Warm, familiar smile: Being remembered through a familiar detail is intended to evoke a warm smile that conveys closeness.","illustrations/scene_001_reunion.png"
"Reuniting with a close friend after a long separation: Imagine leaving a station with your luggage on a weekday evening. In the crowd, you suddenly hear someone call you by a childhood nickname. You turn around and see a once-close friend whom you have not met for years. Neither of you expected the other to be there. Put yourself in the following moments in order.","Segment 4: Your friend brings up something silly you did together as students and imitates the way you acted at the time. Show your expression as the memory returns.","Joyful smile｜Hearty smile: A shared memory and a live imitation are intended to evoke a broad smile shared with the other person.","illustrations/scene_001_reunion.png"
"Reuniting with a close friend after a long separation: Imagine leaving a station with your luggage on a weekday evening. In the crowd, you suddenly hear someone call you by a childhood nickname. You turn around and see a once-close friend whom you have not met for years. Neither of you expected the other to be there. Put yourself in the following moments in order.","Segment 5: Your friend says sincerely that when they moved away, you were the person they missed most, but they never found the courage to get in touch. Show your expression as you hear this.","Gentle smile｜Touched smile: A long-delayed expression of sincerity is intended to evoke a soft, emotionally moved smile.","illustrations/scene_001_reunion.png"
"Reuniting with a close friend after a long separation: Imagine leaving a station with your luggage on a weekday evening. In the crowd, you suddenly hear someone call you by a childhood nickname. You turn around and see a once-close friend whom you have not met for years. Neither of you expected the other to be there. Put yourself in the following moments in order.","Segment 6: Your friend notices that you have been looking at them and teases, “What’s wrong? Has it been so long that you don’t recognize me?” Show your expression as you are caught looking and briefly avert your gaze.","Shy smile｜Bashful smile: Having one’s gaze noticed and being teased kindly are intended to evoke a restrained smile with gaze aversion.","illustrations/scene_001_reunion.png"
"Reuniting with a close friend after a long separation: Imagine leaving a station with your luggage on a weekday evening. In the crowd, you suddenly hear someone call you by a childhood nickname. You turn around and see a once-close friend whom you have not met for years. Neither of you expected the other to be there. Put yourself in the following moments in order.","Segment 7: Before you part, your friend suddenly suggests finding somewhere to talk that evening and excitedly starts contacting mutual friends. Show your expression when you realize the reunion will continue.","Joyful smile｜Anticipatory smile: The prospect of extending a happy encounter is intended to evoke a light, sustained smile of anticipation.","illustrations/scene_001_reunion.png"
"Dinner with a close friend you have not seen for a long time: Imagine meeting at a quiet casual restaurant with a friend who was once very close to you but whom work and distance have kept you from seeing. The conversation is slightly awkward at first, then gradually returns to its familiar rhythm. Put yourself in the following moments in order.","Segment 1: You recall something silly you did together as students. Your friend adds a detail you had nearly forgotten, and both of you become increasingly animated. Show your expression while remembering and listening.","Joyful smile｜Genuine smile: A funny shared memory and lively reciprocal conversation are intended to evoke a natural smile of shared enjoyment.","illustrations/scene_002_old_friend_dinner.png"
"Dinner with a close friend you have not seen for a long time: Imagine meeting at a quiet casual restaurant with a friend who was once very close to you but whom work and distance have kept you from seeing. The conversation is slightly awkward at first, then gradually returns to its familiar rhythm. Put yourself in the following moments in order.","Segment 2: The conversation shifts to your current life. You describe recurring problems at work that you still cannot resolve. As you say, “I deal with them every day, but it feels as if I’m still in the same place,” show the helpless smile that appears while you talk.","Bittersweet smile｜Resigned smile: The conflict between sustained effort and a lack of control is intended to evoke a tired, helpless smile.","illustrations/scene_002_old_friend_dinner.png"
"Dinner with a close friend you have not seen for a long time: Imagine meeting at a quiet casual restaurant with a friend who was once very close to you but whom work and distance have kept you from seeing. The conversation is slightly awkward at first, then gradually returns to its familiar rhythm. Put yourself in the following moments in order.","Segment 3: Your friend starts talking about recent events in their life. The content is not especially funny, but they speak with great enthusiasm and keep looking at you to make sure you are listening. Show the expression with which you respond as a familiar listener.","Social smile｜Supportive social smile: Listening attentively and maintaining the interaction are intended to evoke a mild, accommodating smile.","illustrations/scene_002_old_friend_dinner.png"
"Dinner with a close friend you have not seen for a long time: Imagine meeting at a quiet casual restaurant with a friend who was once very close to you but whom work and distance have kept you from seeing. The conversation is slightly awkward at first, then gradually returns to its familiar rhythm. Put yourself in the following moments in order.","Segment 4: You tell a story about a mutual friend. At the crucial moment, you deliberately stop, look at your friend, and say, “Guess what happened next.” Show your expression as you leave them in suspense.","Sly smile｜Knowing, playful smile: Knowing the ending while withholding it is intended to evoke a playful smile that builds suspense.","illustrations/scene_002_old_friend_dinner.png"
"Dinner with a close friend you have not seen for a long time: Imagine meeting at a quiet casual restaurant with a friend who was once very close to you but whom work and distance have kept you from seeing. The conversation is slightly awkward at first, then gradually returns to its familiar rhythm. Put yourself in the following moments in order.","Segment 5: You complain about someone who often takes credit and shifts blame. As you say, “How can someone like that still act as if they’re completely justified?” show the expression with which you look at your friend and continue.","Derisive smile｜Disdainful smile: Disapproval and contempt toward the behavior of an imagined person are intended to evoke a derisive smile.","illustrations/scene_002_old_friend_dinner.png"
"Dinner with a close friend you have not seen for a long time: Imagine meeting at a quiet casual restaurant with a friend who was once very close to you but whom work and distance have kept you from seeing. The conversation is slightly awkward at first, then gradually returns to its familiar rhythm. Put yourself in the following moments in order.","Segment 6: Instead of immediately giving advice, your friend says, “It sounds as if you’ve been carrying this for a long time.” Show your expression when you realize they understand your situation.","Gentle smile｜Smile of being understood: Feeling emotionally understood by a close friend is intended to evoke a relaxed, grateful smile.","illustrations/scene_002_old_friend_dinner.png"
"Dinner with a close friend you have not seen for a long time: Imagine meeting at a quiet casual restaurant with a friend who was once very close to you but whom work and distance have kept you from seeing. The conversation is slightly awkward at first, then gradually returns to its familiar rhythm. Put yourself in the following moments in order.","Segment 7: After dinner, you reach an intersection and realize it may again be a long time before you meet. Your friend says lightly, “Let’s not let another few years pass.” Show your expression as you respond to this farewell.","Bittersweet smile｜Wistful smile: The pleasure of reunion combined with another separation is intended to evoke a smile tinged with reluctance to part.","illustrations/scene_002_old_friend_dinner.png"
"Unexpectedly meeting someone who recognizes you, although you cannot place them: Imagine waiting in line for coffee at a shopping mall. Someone around your age suddenly calls you by name and greets you like an old acquaintance. You are sure you have met them, but you cannot remember their name or where you know them from. Put yourself in the following moments in order.","Segment 1: The person naturally says, “It’s been a long time.” You instinctively return the greeting while rapidly searching your memory. Show your expression at that moment.","Social smile｜Automatic polite smile: The need to respond immediately to an unexpected greeting is intended to evoke a conventional polite smile.","illustrations/scene_003_unrecognized_acquaintance.png"
"Unexpectedly meeting someone who recognizes you, although you cannot place them: Imagine waiting in line for coffee at a shopping mall. Someone around your age suddenly calls you by name and greets you like an old acquaintance. You are sure you have met them, but you cannot remember their name or where you know them from. Put yourself in the following moments in order.","Segment 2: The person asks whether you still work at the same place, clearly remembering details about you. You can only continue with a vague answer. Show your expression as you try not to make the other person uncomfortable.","Social smile｜Conversation-maintaining smile: Unequal knowledge and the need to sustain the interaction are intended to evoke a restrained social smile.","illustrations/scene_003_unrecognized_acquaintance.png"
"Unexpectedly meeting someone who recognizes you, although you cannot place them: Imagine waiting in line for coffee at a shopping mall. Someone around your age suddenly calls you by name and greets you like an old acquaintance. You are sure you have met them, but you cannot remember their name or where you know them from. Put yourself in the following moments in order.","Segment 3: Noticing your hesitation, the person says, “You don’t remember me, do you?” Show your expression when this is stated directly and you briefly lower or avert your gaze.","Shy smile｜Embarrassed smile: Having a failure of memory exposed is intended to evoke a bashful smile with gaze aversion or pressed lips.","illustrations/scene_003_unrecognized_acquaintance.png"
"Unexpectedly meeting someone who recognizes you, although you cannot place them: Imagine waiting in line for coffee at a shopping mall. Someone around your age suddenly calls you by name and greets you like an old acquaintance. You are sure you have met them, but you cannot remember their name or where you know them from. Put yourself in the following moments in order.","Segment 4: You admit, “I’m sorry. You look very familiar, but I can’t remember where we met,” and wait for an explanation. Show your expression after apologizing as you watch their response.","Social smile｜Tension-easing smile: An honest explanation and an attempt to repair a minor social lapse are intended to evoke an appeasing smile.","illustrations/scene_003_unrecognized_acquaintance.png"
"Unexpectedly meeting someone who recognizes you, although you cannot place them: Imagine waiting in line for coffee at a shopping mall. Someone around your age suddenly calls you by name and greets you like an old acquaintance. You are sure you have met them, but you cannot remember their name or where you know them from. Put yourself in the following moments in order.","Segment 5: The person reminds you that you were in the same group during a short training course. You finally connect the person with the setting. Show your expression as recognition and embarrassment arrive together.","Shy smile｜Relieved, bashful smile: Recovering the memory after failing to recognize the person is intended to evoke a smile mixing relief and embarrassment.","illustrations/scene_003_unrecognized_acquaintance.png"
"Unexpectedly meeting someone who recognizes you, although you cannot place them: Imagine waiting in line for coffee at a shopping mall. Someone around your age suddenly calls you by name and greets you like an old acquaintance. You are sure you have met them, but you cannot remember their name or where you know them from. Put yourself in the following moments in order.","Segment 6: After parting, you think back on the several minutes in which you gave vague responses and feel slightly foolish. Show your expression as you walk away alone and replay the encounter.","Bittersweet smile｜Self-deprecating smile: Reflecting on a minor social mishap is intended to evoke mild self-deprecation and resignation.","illustrations/scene_003_unrecognized_acquaintance.png"
"Receiving a thoughtfully handmade gift: Imagine meeting a close friend on a day that is personally meaningful to you. They bring out a carefully wrapped box and explain that they worked on the gift, on and off, for several weeks. Put yourself in the following moments in order.","Segment 1: Your friend enthusiastically explains how the idea occurred to them, what went wrong on the first attempt, and how they started again. Show your expression as you listen closely to the story of how it was made.","Gentle smile｜Caring smile: Listening to an invested account from someone close is intended to evoke a gentle, attentive smile.","illustrations/scene_004_handmade_gift.png"
"Receiving a thoughtfully handmade gift: Imagine meeting a close friend on a day that is personally meaningful to you. They bring out a carefully wrapped box and explain that they worked on the gift, on and off, for several weeks. Put yourself in the following moments in order.","Segment 2: Your friend hands you the gift and watches your reaction. You slowly begin to unwrap it. Show the expression that combines anticipation with mild self-consciousness.","Shy smile｜Bashful, anticipatory smile: Becoming the focus of attention while awaiting a reveal is intended to evoke a restrained smile.","illustrations/scene_004_handmade_gift.png"
"Receiving a thoughtfully handmade gift: Imagine meeting a close friend on a day that is personally meaningful to you. They bring out a carefully wrapped box and explain that they worked on the gift, on and off, for several weeks. Put yourself in the following moments in order.","Segment 3: You discover that it is something you once said you wanted but had since forgotten mentioning, and your friend made it by hand. Show your expression at the moment you recognize what it is.","Joyful smile｜Surprised smile: Having a forgotten wish remembered and unexpectedly fulfilled is intended to evoke a clear expression of delighted surprise.","illustrations/scene_004_handmade_gift.png"
"Receiving a thoughtfully handmade gift: Imagine meeting a close friend on a day that is personally meaningful to you. They bring out a carefully wrapped box and explain that they worked on the gift, on and off, for several weeks. Put yourself in the following moments in order.","Segment 4: You notice a detail that only the two of you would understand and realize how much thought went into the gift. Show your expression as you look up at your friend.","Gentle smile｜Touched, affectionate smile: A shared memory incorporated into the gift is intended to evoke closeness and emotional warmth.","illustrations/scene_004_handmade_gift.png"
"Receiving a thoughtfully handmade gift: Imagine meeting a close friend on a day that is personally meaningful to you. They bring out a carefully wrapped box and explain that they worked on the gift, on and off, for several weeks. Put yourself in the following moments in order.","Segment 5: Your friend asks cautiously, “Is it different from what you imagined?” and sounds slightly worried. Show your expression as you immediately want to reassure them but do not know what to say first.","Shy smile｜Pressed-lip smile: Strong gratitude that is difficult to put into words is intended to evoke a brief, restrained smile.","illustrations/scene_004_handmade_gift.png"
"Receiving a thoughtfully handmade gift: Imagine meeting a close friend on a day that is personally meaningful to you. They bring out a carefully wrapped box and explain that they worked on the gift, on and off, for several weeks. Put yourself in the following moments in order.","Segment 6: You keep examining the gift. Your friend finally relaxes and begins laughing about their mistakes while making it. Show your expression as you look back on the process together.","Joyful smile｜Contented smile: Once the surprise has settled and is shared, it is intended to evoke a steady smile of satisfaction.","illustrations/scene_004_handmade_gift.png"
"Receiving praise at work: Imagine a Monday department meeting reviewing an unexpected problem from the previous week. You expected only to report your progress, but your supervisor tells everyone that you identified the key issue in time and handled it calmly. Put yourself in the following moments in order.","Segment 1: Your supervisor suddenly says your name, and several coworkers turn toward you. You do not yet know whether praise or a question will follow. Show your expression as attention shifts to you.","Shy smile｜Restrained, nervous smile: Sudden public attention with an uncertain outcome is intended to evoke a brief, controlled smile.","illustrations/scene_005_work_praise.png"
"Receiving praise at work: Imagine a Monday department meeting reviewing an unexpected problem from the previous week. You expected only to report your progress, but your supervisor tells everyone that you identified the key issue in time and handled it calmly. Put yourself in the following moments in order.","Segment 2: Your supervisor clearly says, “We caught it early because of you,” and asks others to use your response as a reference. Show your expression when you realize you are being praised.","Joyful smile｜Smile of achievement: Public recognition of one’s effort is intended to evoke a natural, satisfied smile.","illustrations/scene_005_work_praise.png"
"Receiving praise at work: Imagine a Monday department meeting reviewing an unexpected problem from the previous week. You expected only to report your progress, but your supervisor tells everyone that you identified the key issue in time and handled it calmly. Put yourself in the following moments in order.","Segment 3: Your coworkers applaud. You briefly respond and explain that the work was a team effort. Show your expression as you speak and look toward your coworkers.","Social smile｜Modest, polite smile: Public acknowledgment and the norm of sharing credit are intended to evoke a controlled, friendly smile.","illustrations/scene_005_work_praise.png"
"Receiving praise at work: Imagine a Monday department meeting reviewing an unexpected problem from the previous week. You expected only to report your progress, but your supervisor tells everyone that you identified the key issue in time and handled it calmly. Put yourself in the following moments in order.","Segment 4: Your supervisor asks you to turn the experience into a template for others. Show your expression when you realize your approach has lasting value.","Joyful smile｜Proud, satisfied smile: Confirmation that one’s ability is useful to others is intended to evoke a proud but measured smile.","illustrations/scene_005_work_praise.png"
"Receiving praise at work: Imagine a Monday department meeting reviewing an unexpected problem from the previous week. You expected only to report your progress, but your supervisor tells everyone that you identified the key issue in time and handled it calmly. Put yourself in the following moments in order.","Segment 5: After the meeting, a coworker who rarely gives praise says privately, “You really saved everyone that day.” Show your expression as you hear the unexpected compliment.","Shy smile｜Self-conscious smile: Unexpected, direct praise from a peer is intended to evoke a bashful smile.","illustrations/scene_005_work_praise.png"
"Receiving praise at work: Imagine a Monday department meeting reviewing an unexpected problem from the previous week. You expected only to report your progress, but your supervisor tells everyone that you identified the key issue in time and handled it calmly. Put yourself in the following moments in order.","Segment 6: Another coworker who has helped you in the past says they are happy to see your progress. Show your expression as you thank them.","Gentle smile｜Grateful smile: Recognition of longstanding support is intended to evoke a warm, sincere smile.","illustrations/scene_005_work_praise.png"
"Being criticized at work: Imagine a project review meeting where the report you prepared is displayed on a large screen. Your supervisor points out that you omitted a requirement, causing coworkers to redo work at short notice. The omission is real, but several people present do not know the full circumstances. Put yourself in the following moments in order.","Segment 1: Your supervisor points out the omission, and the room becomes quiet while everyone waits for your response. Show your expression as you listen and prepare to explain.","Social smile｜Nervous, polite smile: Public criticism combined with the need to remain professional is intended to evoke a very restrained workplace smile.","illustrations/scene_006_work_criticism.png"
"Being criticized at work: Imagine a project review meeting where the report you prepared is displayed on a large screen. Your supervisor points out that you omitted a requirement, causing coworkers to redo work at short notice. The omission is real, but several people present do not know the full circumstances. Put yourself in the following moments in order.","Segment 2: You acknowledge the oversight and apologize to the affected coworker. They nod and indicate that the meeting should continue. Show your expression as you finish apologizing.","Social smile｜Tension-easing smile: Taking responsibility and repairing the working relationship are intended to evoke an appeasing smile.","illustrations/scene_006_work_criticism.png"
"Being criticized at work: Imagine a project review meeting where the report you prepared is displayed on a large screen. Your supervisor points out that you omitted a requirement, causing coworkers to redo work at short notice. The omission is real, but several people present do not know the full circumstances. Put yourself in the following moments in order.","Segment 3: Your supervisor says, “A basic error like this should not happen.” You remember repeatedly warning that requirements were still changing, but no one mentions this. Show your expression as you refrain from arguing immediately.","Bittersweet smile｜Forced smile: Feeling wronged while being unable to explain everything immediately is intended to evoke an outwardly controlled smile.","illustrations/scene_006_work_criticism.png"
"Being criticized at work: Imagine a project review meeting where the report you prepared is displayed on a large screen. Your supervisor points out that you omitted a requirement, causing coworkers to redo work at short notice. The omission is real, but several people present do not know the full circumstances. Put yourself in the following moments in order.","Segment 4: A coworker who contributed little adds, “Isn’t that just common sense?” in a casual, superior tone. Show the brief expression with which you look at them.","Derisive smile｜Cold smile: Rejecting an unfair judgment and a superior attitude is intended to evoke a restrained, cold smile.","illustrations/scene_006_work_criticism.png"
"Being criticized at work: Imagine a project review meeting where the report you prepared is displayed on a large screen. Your supervisor points out that you omitted a requirement, causing coworkers to redo work at short notice. The omission is real, but several people present do not know the full circumstances. Put yourself in the following moments in order.","Segment 5: After the meeting, your supervisor says privately that the criticism concerned the result rather than your overall ability, but the revision must still be finished that night. Show your expression as you hear this.","Bittersweet smile｜Resigned smile: Partial reassurance combined with an additional burden is intended to evoke a tired, helpless smile.","illustrations/scene_006_work_criticism.png"
"Being criticized at work: Imagine a project review meeting where the report you prepared is displayed on a large screen. Your supervisor points out that you omitted a requirement, causing coworkers to redo work at short notice. The omission is real, but several people present do not know the full circumstances. Put yourself in the following moments in order.","Segment 6: Back at your desk, you see the plans you had made for after work and reopen the file instead. Show your expression as you accept what now has to be done.","Bittersweet smile｜Self-deprecating smile: The contrast between a canceled plan and the need to keep working is intended to evoke mild self-deprecation.","illustrations/scene_006_work_criticism.png"
"Meeting a supervisor or professor for the first time: Imagine entering their office alone to present an important proposal. You rehearsed your opening, but you know little about their personality. Put yourself in the following moments in order.","Segment 1: You knock and enter. They look up, invite you to sit, and ask whether your journey went smoothly. Show your expression while responding to this first formal exchange.","Social smile｜Formal, polite smile: A first meeting across a status difference is intended to evoke a restrained professional smile.","illustrations/scene_007_supervisor_group.png"
"Meeting a supervisor or professor for the first time: Imagine entering their office alone to present an important proposal. You rehearsed your opening, but you know little about their personality. Put yourself in the following moments in order.","Segment 2: You have just begun presenting when the office door opens and four people you did not expect enter and sit nearby. Show your expression when you realize the audience has suddenly grown.","Shy smile｜Awkward smile: An unexpected increase in the audience is intended to evoke freezing, gaze aversion, or a pressed-lip smile.","illustrations/scene_007_supervisor_group.png"
"Meeting a supervisor or professor for the first time: Imagine entering their office alone to present an important proposal. You rehearsed your opening, but you know little about their personality. Put yourself in the following moments in order.","Segment 3: The supervisor or professor explains that they are only sitting in and asks you to continue. Everyone looks toward you again. Show your expression just before you regain your rhythm.","Shy smile｜Restrained, nervous smile: Being watched by several people while having to resume immediately is intended to evoke a nervous smile.","illustrations/scene_007_supervisor_group.png"
"Meeting a supervisor or professor for the first time: Imagine entering their office alone to present an important proposal. You rehearsed your opening, but you know little about their personality. Put yourself in the following moments in order.","Segment 4: At the end, they say, “Thank you. We’ll stop here for today.” You say goodbye and leave. Once the door closes, you are alone in the corridor. Show your expression as the tension finally releases.","Joyful smile｜Relieved smile: The end of a high-pressure interaction is intended to evoke a natural smile of release.","illustrations/scene_007_supervisor_group.png"
"Meeting a supervisor or professor for the first time: Imagine entering their office alone to present an important proposal. You rehearsed your opening, but you know little about their personality. Put yourself in the following moments in order.","Segment 5: After walking a short distance, you realize that your notebook is still in the office. You do not want to interrupt them again, but you have to go back. Show your expression as you turn around.","Bittersweet smile｜Resigned smile: Having to return immediately after escaping the pressure is intended to evoke a helpless smile.","illustrations/scene_007_supervisor_group.png"
"Meeting a supervisor or professor for the first time: Imagine entering their office alone to present an important proposal. You rehearsed your opening, but you know little about their personality. Put yourself in the following moments in order.","Segment 6: You knock again and explain. They show no irritation, hand you the notebook with a smile, and say, “It’s normal to be nervous the first time.” Show your expression as you take it.","Social smile｜Polite smile of released tension: The other person’s effort to ease the awkwardness is intended to evoke a polite but visibly more relaxed smile.","illustrations/scene_007_supervisor_group.png"
"Meeting a supervisor or professor for the first time: Imagine entering their office alone to present an important proposal. You rehearsed your opening, but you know little about their personality. Put yourself in the following moments in order.","Segment 7: They add that your proposal contains several good ideas and can be discussed gradually. You realize they are kinder than you expected. Show your expression as you leave the office a second time.","Gentle smile｜Reassured smile: Kindness and recognition from an authority figure are intended to evoke a calm, warm smile.","illustrations/scene_007_supervisor_group.png"
"A train delayed by a personal-injury incident: Imagine waiting on a weekday evening for a train needed for a later connection. An announcement says that a personal-injury incident ahead has suspended service and that the recovery time is unknown. Do not imagine the incident itself; focus only on waiting, disrupted plans, and interactions with people nearby. Put yourself in the following moments in order.","Segment 1: When the first announcement plays, you look at the timetable and initially assume the stop will be brief. Show your expression when you understand that the recovery time is unknown.","Bittersweet smile｜Resigned smile: An uncontrollable delay that disrupts one’s plans is intended to evoke a mildly helpless smile.","illustrations/scene_008_train_delay.png"
"A train delayed by a personal-injury incident: Imagine waiting on a weekday evening for a train needed for a later connection. An announcement says that a personal-injury incident ahead has suspended service and that the recovery time is unknown. Do not imagine the incident itself; focus only on waiting, disrupted plans, and interactions with people nearby. Put yourself in the following moments in order.","Segment 2: The display changes the expected delay from ten minutes to forty, and you have already missed your planned connection. Show your expression after recalculating the route and finding no faster alternative.","Bittersweet smile｜Wry smile: A further collapse of expectations is intended to evoke a disappointed, wry smile.","illustrations/scene_008_train_delay.png"
"A train delayed by a personal-injury incident: Imagine waiting on a weekday evening for a train needed for a later connection. An announcement says that a personal-injury incident ahead has suspended service and that the recovery time is unknown. Do not imagine the incident itself; focus only on waiting, disrupted plans, and interactions with people nearby. Put yourself in the following moments in order.","Segment 3: A friend messages, “Are you almost here?” You need to explain that you may miss the dinner reservation. Show your expression as you type and send the explanation.","Social smile｜Apologetic social smile: Concern about affecting someone else’s plans is intended to evoke an apologetic social smile.","illustrations/scene_008_train_delay.png"
"A train delayed by a personal-injury incident: Imagine waiting on a weekday evening for a train needed for a later connection. An announcement says that a personal-injury incident ahead has suspended service and that the recovery time is unknown. Do not imagine the incident itself; focus only on waiting, disrupted plans, and interactions with people nearby. Put yourself in the following moments in order.","Segment 4: Another stranded passenger looks at the repeatedly updated display and murmurs, “It really picked the perfect day.” You briefly make eye contact. Show your expression as you respond to this comment about your shared situation.","Bittersweet smile｜Shared wry smile: Sharing an unavoidable inconvenience with a stranger is intended to evoke a brief, synchronized wry smile.","illustrations/scene_008_train_delay.png"
"A train delayed by a personal-injury incident: Imagine waiting on a weekday evening for a train needed for a later connection. An announcement says that a personal-injury incident ahead has suspended service and that the recovery time is unknown. Do not imagine the incident itself; focus only on waiting, disrupted plans, and interactions with people nearby. Put yourself in the following moments in order.","Segment 5: The announcement repeats the same formal apology for the third time without providing new information. Show your expression as you hear it again.","Derisive smile｜Cold smile: The gap between a formulaic apology and the lack of useful information is intended to evoke a restrained, skeptical smile.","illustrations/scene_008_train_delay.png"
"A train delayed by a personal-injury incident: Imagine waiting on a weekday evening for a train needed for a later connection. An announcement says that a personal-injury incident ahead has suspended service and that the recovery time is unknown. Do not imagine the incident itself; focus only on waiting, disrupted plans, and interactions with people nearby. Put yourself in the following moments in order.","Segment 6: Your phone battery is nearly empty. A nearby passenger offers you a portable charger and says they have another one. Show your expression as you accept and thank them.","Gentle smile｜Grateful smile: Practical help from a stranger is intended to evoke a sincere, warm smile.","illustrations/scene_008_train_delay.png"
"A train delayed by a personal-injury incident: Imagine waiting on a weekday evening for a train needed for a later connection. An announcement says that a personal-injury incident ahead has suspended service and that the recovery time is unknown. Do not imagine the incident itself; focus only on waiting, disrupted plans, and interactions with people nearby. Put yourself in the following moments in order.","Segment 7: Just after you arrange an alternative route, an announcement says that route is also congested. Looking at the arrival time being pushed back yet again, you cannot help laughing. Show this reaction to the accumulating loss of control.","Uncontrollable laughter｜Despairing laugh: A safe but repeated series of travel setbacks is intended to evoke a brief, incongruous, uncontrolled laugh.","illustrations/scene_008_train_delay.png"
"Being lucky enough to buy the last slice of cake: Imagine making a detour after work to a bakery you often visit for a limited seasonal cake that usually sells out early. When you arrive, the display is almost empty, with just one slice left in a corner. Put yourself in the following moments in order.","Segment 1: At first you think it is only a display card, but when you step closer you see that one complete slice really remains. Show your expression when you confirm that you were not mistaken.","Joyful smile｜Delighted surprise: Finding a scarce item when expectations are low is intended to evoke a rapidly emerging smile of surprise.","illustrations/scene_009_last_cake.png"
"Being lucky enough to buy the last slice of cake: Imagine making a detour after work to a bakery you often visit for a limited seasonal cake that usually sells out early. When you arrive, the display is almost empty, with just one slice left in a corner. Put yourself in the following moments in order.","Segment 2: The clerk confirms, “This is the last one today. I can reserve it for you,” and puts up the sold-out sign. Show your expression as you hear the confirmation.","Joyful smile｜Contented smile: Certainty that a wish has been fulfilled is intended to evoke a stable smile of satisfaction.","illustrations/scene_009_last_cake.png"
"Being lucky enough to buy the last slice of cake: Imagine making a detour after work to a bakery you often visit for a limited seasonal cake that usually sells out early. When you arrive, the display is almost empty, with just one slice left in a corner. Put yourself in the following moments in order.","Segment 3: Another customer arrives behind you and also looks at the display, but you have already ordered. Show your expression when you briefly make eye contact.","Social smile｜Slightly apologetic polite smile: Being considerate of another person even though the outcome is settled is intended to evoke a restrained social smile.","illustrations/scene_009_last_cake.png"
"Being lucky enough to buy the last slice of cake: Imagine making a detour after work to a bakery you often visit for a limited seasonal cake that usually sells out early. When you arrive, the display is almost empty, with just one slice left in a corner. Put yourself in the following moments in order.","Segment 4: Your friend says they also want to try it and jokingly asks for a bite. Instead of agreeing immediately, you look at them and consider your terms. Show your expression during the pause.","Sly smile｜Playful bargaining smile: Controlling a scarce treat during friendly teasing is intended to evoke a playful, calculating smile.","illustrations/scene_009_last_cake.png"
"Being lucky enough to buy the last slice of cake: Imagine making a detour after work to a bakery you often visit for a limited seasonal cake that usually sells out early. When you arrive, the display is almost empty, with just one slice left in a corner. Put yourself in the following moments in order.","Segment 5: At checkout, the clerk says that your points happen to cover part of the price today. Show your expression as another piece of good luck is added.","Joyful smile｜Happy smile: An unexpected small saving is intended to evoke a light, bright smile.","illustrations/scene_009_last_cake.png"
"Being lucky enough to buy the last slice of cake: Imagine making a detour after work to a bakery you often visit for a limited seasonal cake that usually sells out early. When you arrive, the display is almost empty, with just one slice left in a corner. Put yourself in the following moments in order.","Segment 6: You divide the cake in two. Your friend carefully pushes the larger portion back and says, “You found it, after all.” Show your expression as you accept the considerate gesture.","Social smile｜Friendly, grateful smile: Fairness and consideration between friends are intended to evoke a grateful social smile.","illustrations/scene_009_last_cake.png"
"Wandering into a shop that perfectly suits your taste: Imagine walking down an unfamiliar street on a weekend afternoon without a fixed destination. You step away from the crowd and enter an ordinary-looking shop. The music, scent, displays, and products unexpectedly match your preferences. Put yourself in the following moments in order.","Segment 1: After the door closes, you realize the shop is playing a song you have listened to repeatedly lately. Show your expression when you recognize it.","Joyful smile｜Smile of unexpected resonance: Encountering a familiar preference in an unfamiliar place is intended to evoke pleasant surprise.","illustrations/scene_010_hidden_gem_shop.png"
"Wandering into a shop that perfectly suits your taste: Imagine walking down an unfamiliar street on a weekend afternoon without a fixed destination. You step away from the crowd and enter an ordinary-looking shop. The music, scent, displays, and products unexpectedly match your preferences. Put yourself in the following moments in order.","Segment 2: As you browse, you repeatedly find objects that are usually hard to locate and fit your taste exactly. Show your expression as you become absorbed.","Joyful smile｜Contented smile: Repeated matches with one’s preferences are intended to evoke a sustained, natural smile.","illustrations/scene_010_hidden_gem_shop.png"
"Wandering into a shop that perfectly suits your taste: Imagine walking down an unfamiliar street on a weekend afternoon without a fixed destination. You step away from the crowd and enter an ordinary-looking shop. The music, scent, displays, and products unexpectedly match your preferences. Put yourself in the following moments in order.","Segment 3: The clerk does not approach immediately. Only after you pause for a long time do they say, “This row is my favorite too.” Show your expression during this brief exchange.","Social smile｜Friendly polite smile: A low-pressure conversation about shared taste is intended to evoke a natural social smile.","illustrations/scene_010_hidden_gem_shop.png"
"Wandering into a shop that perfectly suits your taste: Imagine walking down an unfamiliar street on a weekend afternoon without a fixed destination. You step away from the crowd and enter an ordinary-looking shop. The music, scent, displays, and products unexpectedly match your preferences. Put yourself in the following moments in order.","Segment 4: You mention that you like the selection. The clerk replies, “I can tell—you chose everything I’m most reluctant to sell.” Show your expression after this friendly comment on your taste.","Shy smile｜Bashful smile after praise: A mild personal compliment is intended to evoke a pleased but self-conscious smile.","illustrations/scene_010_hidden_gem_shop.png"
"Wandering into a shop that perfectly suits your taste: Imagine walking down an unfamiliar street on a weekend afternoon without a fixed destination. You step away from the crowd and enter an ordinary-looking shop. The music, scent, displays, and products unexpectedly match your preferences. Put yourself in the following moments in order.","Segment 5: In a corner, you find a small object connected with a childhood memory, and the clerk explains where it came from. Show your expression as you look and listen.","Gentle smile｜Warm nostalgic smile: A gentle personal memory and a kindly told story are intended to evoke a soft smile.","illustrations/scene_010_hidden_gem_shop.png"
"Wandering into a shop that perfectly suits your taste: Imagine walking down an unfamiliar street on a weekend afternoon without a fixed destination. You step away from the crowd and enter an ordinary-looking shop. The music, scent, displays, and products unexpectedly match your preferences. Put yourself in the following moments in order.","Segment 6: As you leave, you save the shop’s location and realize you would return deliberately. Show your expression as you look back at the storefront.","Joyful smile｜Happy smile of discovery: Turning a chance discovery into future anticipation is intended to evoke a light, satisfied smile.","illustrations/scene_010_hidden_gem_shop.png"
"A long-awaited restaurant reservation that turns out to be disappointing: Imagine booking a highly rated restaurant more than a month ahead and keeping the evening free. You arrive on time with a friend. The setting looks appealing, but from the first bite the food falls well short of expectations. Put yourself in the following moments in order.","Segment 1: The first dish is beautifully presented. You taste it eagerly, but it is bland and the temperature is wrong. Your friend watches your reaction. Show your expression as you swallow the first bite.","Bittersweet smile｜Disappointed smile: The gap between high expectations and the first taste is intended to evoke a disappointed but restrained smile.","illustrations/scene_011_disappointing_restaurant.png"
"A long-awaited restaurant reservation that turns out to be disappointing: Imagine booking a highly rated restaurant more than a month ahead and keeping the evening free. You arrive on time with a friend. The setting looks appealing, but from the first bite the food falls well short of expectations. Put yourself in the following moments in order.","Segment 2: Your friend tastes it and says nothing, simply looking up at you. You both understand that the reaction is the same. Show your expression during this silent exchange.","Bittersweet smile｜Shared wry smile: Mutual disappointment understood without words is intended to evoke a synchronized wry smile.","illustrations/scene_011_disappointing_restaurant.png"
"A long-awaited restaurant reservation that turns out to be disappointing: Imagine booking a highly rated restaurant more than a month ahead and keeping the evening free. You arrive on time with a friend. The setting looks appealing, but from the first bite the food falls well short of expectations. Put yourself in the following moments in order.","Segment 3: A courteous server comes over and asks whether everything is to your liking, waiting by the table. Show your expression as you give a guarded reply.","Social smile｜Polite, noncommittal smile: A direct service question and a wish to avoid conflict are intended to evoke a polite smile.","illustrations/scene_011_disappointing_restaurant.png"
"A long-awaited restaurant reservation that turns out to be disappointing: Imagine booking a highly rated restaurant more than a month ahead and keeping the evening free. You arrive on time with a friend. The setting looks appealing, but from the first bite the food falls well short of expectations. Put yourself in the following moments in order.","Segment 4: You tactfully mention that the dish is cold, and the server offers to reheat it. Show your expression as you thank them for handling the problem.","Social smile｜Tension-easing smile: Repairing the interaction after raising a complaint is intended to evoke a restrained, friendly smile.","illustrations/scene_011_disappointing_restaurant.png"
"A long-awaited restaurant reservation that turns out to be disappointing: Imagine booking a highly rated restaurant more than a month ahead and keeping the evening free. You arrive on time with a friend. The setting looks appealing, but from the first bite the food falls well short of expectations. Put yourself in the following moments in order.","Segment 5: The signature dish you anticipated most is also disappointing. Your friend quietly says, “So the first dish wasn’t just an accident.” Show your expression when you realize the meal cannot be rescued.","Bittersweet smile｜Resigned smile: A second disappointment that removes the remaining hope is intended to evoke clear resignation.","illustrations/scene_011_disappointing_restaurant.png"
"A long-awaited restaurant reservation that turns out to be disappointing: Imagine booking a highly rated restaurant more than a month ahead and keeping the evening free. You arrive on time with a friend. The setting looks appealing, but from the first bite the food falls well short of expectations. Put yourself in the following moments in order.","Segment 6: A nearby diner loudly praises the dish as living up to its reputation. You and your friend look at each other again. Show your response to the contrast.","Derisive smile｜Restrained scoff: The contrast between your experience and exaggerated praise is intended to evoke a subtle derisive smile.","illustrations/scene_011_disappointing_restaurant.png"
"A long-awaited restaurant reservation that turns out to be disappointing: Imagine booking a highly rated restaurant more than a month ahead and keeping the evening free. You arrive on time with a friend. The setting looks appealing, but from the first bite the food falls well short of expectations. Put yourself in the following moments in order.","Segment 7: The bill is higher than expected. Your friend says, “At least now we know why it’s so hard to book—everyone wants to confirm it for themselves.” Show your expression when you understand the irony.","Derisive smile｜Ironic smile: The contrast among high price, strong reputation, and poor experience is intended to evoke shared irony.","illustrations/scene_011_disappointing_restaurant.png"
"Telling a friend about a happy weekend experience: Imagine having lunch with a familiar friend or coworker in a quiet corner on Monday. They know you attended an event you had anticipated for a long time and ask how it went. Put yourself in the following moments in order.","Segment 1: You begin with the journey and remember the good weather and how smoothly everything went when you arrived. Show your expression as you recall the experience and organize the story.","Joyful smile｜Smile of happy recollection: Recalling a positive autobiographical memory is intended to evoke a natural, mild smile.","illustrations/scene_012_weekend_story.png"
"Telling a friend about a happy weekend experience: Imagine having lunch with a familiar friend or coworker in a quiet corner on Monday. They know you attended an event you had anticipated for a long time and ask how it went. Put yourself in the following moments in order.","Segment 2: You reach the funniest moment and imitate the reaction of the friend who was with you. Show your expression as you become increasingly absorbed in telling it.","Joyful smile｜Hearty smile: Re-experiencing a funny event and imitating it are intended to evoke an open, shared smile.","illustrations/scene_012_weekend_story.png"
"Telling a friend about a happy weekend experience: Imagine having lunch with a familiar friend or coworker in a quiet corner on Monday. They know you attended an event you had anticipated for a long time and ask how it went. Put yourself in the following moments in order.","Segment 3: The listener is genuinely attentive, asks for details, and says, “I wish I had gone too.” Show your expression when you realize they are truly interested.","Gentle smile｜Warm smile of closeness: Being listened to with genuine interest is intended to evoke a warm, connected smile.","illustrations/scene_012_weekend_story.png"
"Telling a friend about a happy weekend experience: Imagine having lunch with a familiar friend or coworker in a quiet corner on Monday. They know you attended an event you had anticipated for a long time and ask how it went. Put yourself in the following moments in order.","Segment 4: Just before the funniest outcome, you deliberately stop, take a sip, and wait for them to urge you on. Show your expression during the pause.","Sly smile｜Playful suspense smile: Deliberately delaying an ending you know is intended to evoke a teasing, knowing smile.","illustrations/scene_012_weekend_story.png"
"Telling a friend about a happy weekend experience: Imagine having lunch with a familiar friend or coworker in a quiet corner on Monday. They know you attended an event you had anticipated for a long time and ask how it went. Put yourself in the following moments in order.","Segment 5: A less familiar coworker notices your laughter. You briefly explain, “Something funny happened this weekend.” Show your expression while responding to the new listener.","Social smile｜Polite sharing smile: A third person joining the interaction is intended to evoke a friendly social smile.","illustrations/scene_012_weekend_story.png"
"Telling a friend about a happy weekend experience: Imagine having lunch with a familiar friend or coworker in a quiet corner on Monday. They know you attended an event you had anticipated for a long time and ask how it went. Put yourself in the following moments in order.","Segment 6: After finishing, you show a photo from the day and look back over the experience together. Show your expression when you see the image again.","Joyful smile｜Contented smile: A concrete image that reactivates a happy memory is intended to evoke steady pleasure.","illustrations/scene_012_weekend_story.png"
"Going out without an umbrella when it suddenly rains: Imagine leaving home after a forecast of only cloudy weather, so you carry no umbrella. Ten minutes from your destination, the rain rapidly becomes heavy. The only nearby shelter is a narrow awning. Put yourself in the following moments in order.","Segment 1: As the first rain falls, you check your bag and confirm that you really have no umbrella. Show your expression as you look from the bag to the sky.","Bittersweet smile｜Resigned smile: Being unprepared for a sudden change in weather is intended to evoke mild resignation.","illustrations/scene_013_sudden_rain.png"
"Going out without an umbrella when it suddenly rains: Imagine leaving home after a forecast of only cloudy weather, so you carry no umbrella. Ten minutes from your destination, the rain rapidly becomes heavy. The only nearby shelter is a narrow awning. Put yourself in the following moments in order.","Segment 2: By the time you reach the awning, your shoes and trouser legs are wet. Your phone says the rain will continue for a long time. Show your expression after seeing the forecast.","Bittersweet smile｜Wry smile: Already being affected with no quick improvement available is intended to evoke a disappointed wry smile.","illustrations/scene_013_sudden_rain.png"
"Going out without an umbrella when it suddenly rains: Imagine leaving home after a forecast of only cloudy weather, so you carry no umbrella. Ten minutes from your destination, the rain rapidly becomes heavy. The only nearby shelter is a narrow awning. Put yourself in the following moments in order.","Segment 3: Another stranger without an umbrella squeezes under the awning and says, out of breath, “It seems we both trusted the forecast too much.” Show your expression as you respond.","Social smile｜Sympathetic social smile: Sharing a small inconvenience with a stranger is intended to ease the atmosphere through a brief smile.","illustrations/scene_013_sudden_rain.png"
"Going out without an umbrella when it suddenly rains: Imagine leaving home after a forecast of only cloudy weather, so you carry no umbrella. Ten minutes from your destination, the rain rapidly becomes heavy. The only nearby shelter is a narrow awning. Put yourself in the following moments in order.","Segment 4: A vehicle drives through a puddle and splashes the side of your trousers that was still fairly dry. Show your expression as you look down and realize you are now thoroughly wet.","Uncontrollable laughter｜Laugh at the absurdity: One more piece of bad luck creating an absurd situation is intended to evoke a sudden laugh.","illustrations/scene_013_sudden_rain.png"
"Going out without an umbrella when it suddenly rains: Imagine leaving home after a forecast of only cloudy weather, so you carry no umbrella. Ten minutes from your destination, the rain rapidly becomes heavy. The only nearby shelter is a narrow awning. Put yourself in the following moments in order.","Segment 5: You message a friend that you may be late. They reply, “I’ll bring an umbrella. Stay where you are.” Show your expression when you read the message.","Gentle smile｜Warm smile of being cared for: Concrete help and the feeling of being looked after are intended to evoke a warm, relaxed smile.","illustrations/scene_013_sudden_rain.png"
"Going out without an umbrella when it suddenly rains: Imagine leaving home after a forecast of only cloudy weather, so you carry no umbrella. Ten minutes from your destination, the rain rapidly becomes heavy. The only nearby shelter is a narrow awning. Put yourself in the following moments in order.","Segment 6: Your friend appears around the corner holding an umbrella and waves from a distance. Show your expression when you confirm that help has arrived.","Joyful smile｜Relieved, happy smile: The end of the difficulty and the arrival of a friend are intended to evoke a clear smile of relief.","illustrations/scene_013_sudden_rain.png"
"Going out without an umbrella when it suddenly rains: Imagine leaving home after a forecast of only cloudy weather, so you carry no umbrella. Ten minutes from your destination, the rain rapidly becomes heavy. The only nearby shelter is a narrow awning. Put yourself in the following moments in order.","Segment 7: The umbrella is too small for both of you. Your friend laughs at how soaked you are, and you look down and see how bedraggled you appear. Show the expression with which you join the laughter.","Bittersweet smile｜Self-deprecating smile: Looking back at one’s bedraggled state after reaching safety is intended to evoke relaxed self-deprecation.","illustrations/scene_013_sudden_rain.png"
"A television drama reaches a happy ending: Imagine watching the final episode of a series you have followed for a long time. After repeated misunderstandings and separations, the ending still seemed uncertain until the last episode. You watch in a familiar, quiet room as the story finally resolves happily. Put yourself in the following moments in order.","Segment 1: In the final minutes, two people who have repeatedly missed each other finally see one another in a crowd, but have not yet spoken. Show your expression when you sense that they may reunite.","Joyful smile｜Anticipatory smile: Long-term narrative investment and an approaching resolution are intended to evoke sustained anticipation.","illustrations/scene_014_happy_ending.png"
"A television drama reaches a happy ending: Imagine watching the final episode of a series you have followed for a long time. After repeated misunderstandings and separations, the ending still seemed uncertain until the last episode. You watch in a familiar, quiet room as the story finally resolves happily. Put yourself in the following moments in order.","Segment 2: One person says a phrase that only the two of them understand, confirming that the misunderstanding is over. Show your expression when you know the story will end happily.","Joyful smile｜Relieved smile: Resolution of a long-running uncertainty is intended to evoke a clear smile of relief.","illustrations/scene_014_happy_ending.png"
"A television drama reaches a happy ending: Imagine watching the final episode of a series you have followed for a long time. After repeated misunderstandings and separations, the ending still seemed uncertain until the last episode. You watch in a familiar, quiet room as the story finally resolves happily. Put yourself in the following moments in order.","Segment 3: The story shows the other characters also finding suitable resolutions. Show your expression as you watch these outcomes in succession.","Gentle smile｜Warm smile of satisfaction: Seeing the characters’ relationships cared for and resolved is intended to evoke a gentle, satisfied smile.","illustrations/scene_014_happy_ending.png"
"A television drama reaches a happy ending: Imagine watching the final episode of a series you have followed for a long time. After repeated misunderstandings and separations, the ending still seemed uncertain until the last episode. You watch in a familiar, quiet room as the story finally resolves happily. Put yourself in the following moments in order.","Segment 4: The ending returns to a place shown in the first episode, completing a visual echo. Show your expression when you recognize the detail.","Joyful smile｜Contented smile: Recognition of a fulfilled narrative setup is intended to evoke satisfaction.","illustrations/scene_014_happy_ending.png"
"A television drama reaches a happy ending: Imagine watching the final episode of a series you have followed for a long time. After repeated misunderstandings and separations, the ending still seemed uncertain until the last episode. You watch in a familiar, quiet room as the story finally resolves happily. Put yourself in the following moments in order.","Segment 5: A normally serious supporting character makes a clumsy but sincere congratulatory gesture at a wedding. Show your expression when the unexpected light moment catches you.","Uncontrollable laughter｜Sudden laugh: A comic contrast after tension has ended is intended to evoke a quick burst of laughter.","illustrations/scene_014_happy_ending.png"
"A television drama reaches a happy ending: Imagine watching the final episode of a series you have followed for a long time. After repeated misunderstandings and separations, the ending still seemed uncertain until the last episode. You watch in a familiar, quiet room as the story finally resolves happily. Put yourself in the following moments in order.","Segment 6: After the credits, a short message from the creators reminds you that a story that accompanied you for a long time is truly over. Show your expression as you feel happy yet reluctant to close the screen.","Gentle smile｜Fond, lingering smile: A happy ending combined with farewell is intended to evoke a tender smile with a trace of reluctance.","illustrations/scene_014_happy_ending.png"
"Playing with your pet: Imagine returning home on an evening when you are in no hurry. A pet that is close to you is waiting at the door, full of energy, and brings its favorite toy. Put yourself in the following moments in order.","Segment 1: Your pet comes close immediately, circles you repeatedly, and places the toy at your feet. Show your expression as you look down and respond.","Gentle smile｜Affectionate smile: A familiar pet’s eager greeting and attachment are intended to evoke an affectionate smile.","illustrations/scene_015_pet_play.png"
"Playing with your pet: Imagine returning home on an evening when you are in no hurry. A pet that is close to you is waiting at the door, full of energy, and brings its favorite toy. Put yourself in the following moments in order.","Segment 2: You throw the toy. Your pet runs too quickly, slips slightly while turning, then continues as if nothing happened. Show your expression as you see the sequence.","Joyful smile｜Happy laugh: A harmless, unexpected comic movement is intended to evoke spontaneous laughter.","illustrations/scene_015_pet_play.png"
"Playing with your pet: Imagine returning home on an evening when you are in no hurry. A pet that is close to you is waiting at the door, full of energy, and brings its favorite toy. Put yourself in the following moments in order.","Segment 3: Your pet returns with the toy but steps backward whenever you reach for it, inviting you to chase. Show your expression when you understand the game.","Joyful smile｜Playful shared smile: The pet’s interactive strategy is intended to evoke light shared enjoyment.","illustrations/scene_015_pet_play.png"
"Playing with your pet: Imagine returning home on an evening when you are in no hurry. A pet that is close to you is waiting at the door, full of energy, and brings its favorite toy. Put yourself in the following moments in order.","Segment 4: You pretend to ignore the pet. It immediately rests its head against your knee and looks up quietly. Show your expression when you can no longer pretend to be indifferent.","Gentle smile｜Soft-hearted smile: Attachment and mild pleading are intended to evoke a soft, affectionate smile.","illustrations/scene_015_pet_play.png"
"Playing with your pet: Imagine returning home on an evening when you are in no hurry. A pet that is close to you is waiting at the door, full of energy, and brings its favorite toy. Put yourself in the following moments in order.","Segment 5: The moment you take out a treat, your pet sits perfectly upright, as if it had never misbehaved. Show your expression at the contrast.","Joyful smile｜Hearty smile: The abrupt behavioral contrast is intended to evoke a broad smile.","illustrations/scene_015_pet_play.png"
"Playing with your pet: Imagine returning home on an evening when you are in no hurry. A pet that is close to you is waiting at the door, full of energy, and brings its favorite toy. Put yourself in the following moments in order.","Segment 6: Your pet repeatedly performs the same simple action incorrectly while growing more excited. You try to correct it seriously but keep being interrupted by amusement. Show the expression after several attempts.","Uncontrollable laughter｜Failed-to-suppress laughter: Repeated mistakes and mounting excitement are intended to evoke repeated loss of composure.","illustrations/scene_015_pet_play.png"
"Playing with your pet: Imagine returning home on an evening when you are in no hurry. A pet that is close to you is waiting at the door, full of energy, and brings its favorite toy. Put yourself in the following moments in order.","Segment 7: Tired from playing, your pet falls asleep beside you with a paw still resting on the toy. Show your expression as you watch quietly.","Gentle smile｜Tender smile: Trust and calm companionship are intended to evoke a quiet, lasting smile.","illustrations/scene_015_pet_play.png"
"Playing with a child you are fond of: Imagine building blocks at a relative’s home with a familiar four-to-six-year-old child whom you like. The child trusts you and speaks directly, and no real caregiving risk is involved. Put yourself in the following moments in order.","Segment 1: The child runs over and proudly shows you a half-built structure, asking seriously whether it looks like a castle. Show your expression as you crouch to look.","Gentle smile｜Encouraging smile: A child sharing an achievement and seeking approval are intended to evoke a supportive smile.","illustrations/scene_016_child_play.png"
"Playing with a child you are fond of: Imagine building blocks at a relative’s home with a familiar four-to-six-year-old child whom you like. The child trusts you and speaks directly, and no real caregiving risk is involved. Put yourself in the following moments in order.","Segment 2: The child gives you a block and insists that you sit in a particular place and build together. Show your expression as you accept.","Gentle smile｜Smile of closeness: A direct invitation and trust are intended to evoke a gentle, connected smile.","illustrations/scene_016_child_play.png"
"Playing with a child you are fond of: Imagine building blocks at a relative’s home with a familiar four-to-six-year-old child whom you like. The child trusts you and speaks directly, and no real caregiving risk is involved. Put yourself in the following moments in order.","Segment 3: You deliberately place a block incorrectly. The child immediately corrects you like a teacher and demonstrates the right method. Show your expression while listening.","Joyful smile｜Happy smile: The reversal of roles and the child’s seriousness are intended to evoke natural enjoyment.","illustrations/scene_016_child_play.png"
"Playing with a child you are fond of: Imagine building blocks at a relative’s home with a familiar four-to-six-year-old child whom you like. The child trusts you and speaks directly, and no real caregiving risk is involved. Put yourself in the following moments in order.","Segment 4: A family member calls the child to wash their hands. The child hugs your arm and whispers, “Just five more minutes.” Show your expression as you face the pleading while respecting the plan.","Gentle smile｜Affectionate smile: Harmless pleading and attachment are intended to evoke an affectionate, slightly conflicted smile.","illustrations/scene_016_child_play.png"
"Playing with a child you are fond of: Imagine building blocks at a relative’s home with a familiar four-to-six-year-old child whom you like. The child trusts you and speaks directly, and no real caregiving risk is involved. Put yourself in the following moments in order.","Segment 5: You promise to continue after handwashing. Still holding on, the child looks up and asks, “You really won’t leave, will you?” Show your expression as you reassure them.","Gentle smile｜Tender smile: A child’s mild worry about separation and need for reassurance are intended to evoke a caring smile.","illustrations/scene_016_child_play.png"
"Playing with a child you are fond of: Imagine building blocks at a relative’s home with a familiar four-to-six-year-old child whom you like. The child trusts you and speaks directly, and no real caregiving risk is involved. Put yourself in the following moments in order.","Segment 6: A family member sees this and says with a smile, “Today, you’re the only one they listen to.” Show your expression as you respond in front of the other adult.","Social smile｜Self-conscious polite smile: Public attention to a close bond is intended to evoke a bashful social smile.","illustrations/scene_016_child_play.png"
"Reacting to behavior you dislike: Imagine a fictional group project in which one member does little work but repeatedly interrupts others during the presentation and presents the team’s results as mainly their own. Put yourself in the following moments in order.","Segment 1: They answer before you and say, “I know this part best,” although you know another colleague prepared it. Show your expression as you continue listening.","Derisive smile｜Cold, disdainful smile: The gap between actual contribution and self-promotion is intended to evoke restrained disdain.","illustrations/scene_017_annoying_behavior.png"
"Reacting to behavior you dislike: Imagine a fictional group project in which one member does little work but repeatedly interrupts others during the presentation and presents the team’s results as mainly their own. Put yourself in the following moments in order.","Segment 2: When the facilitator praises the team, they immediately say, “I kept everyone working to my standards.” Show your expression when they claim the credit.","Derisive smile｜Scoff: Obvious credit-taking and self-aggrandizement are intended to evoke a brief dismissive smile.","illustrations/scene_017_annoying_behavior.png"
"Reacting to behavior you dislike: Imagine a fictional group project in which one member does little work but repeatedly interrupts others during the presentation and presents the team’s results as mainly their own. Put yourself in the following moments in order.","Segment 3: When it is your turn, they quietly advise, “Don’t go into too much detail; they may not understand,” as if instructing you. Show your expression as you turn toward them.","Derisive smile｜Disdainful smile: An unsupported superior attitude is intended to evoke a look of disdain.","illustrations/scene_017_annoying_behavior.png"
"Reacting to behavior you dislike: Imagine a fictional group project in which one member does little work but repeatedly interrupts others during the presentation and presents the team’s results as mainly their own. Put yourself in the following moments in order.","Segment 4: An error appears in the part they handled, and they immediately say someone else must have changed it. Show your expression as you hear the blame shifting.","Derisive smile｜Mocking smile: The double standard of taking credit and shifting blame is intended to evoke a mocking smile.","illustrations/scene_017_annoying_behavior.png"
"Reacting to behavior you dislike: Imagine a fictional group project in which one member does little work but repeatedly interrupts others during the presentation and presents the team’s results as mainly their own. Put yourself in the following moments in order.","Segment 5: The meeting is still in progress, so you must remain cooperative rather than argue publicly. Show your expression as you calmly add the facts and return attention to the task.","Social smile｜Suppressed professional smile: Professional norms and restraint of conflict are intended to evoke a polite smile without genuine pleasure.","illustrations/scene_017_annoying_behavior.png"
"Reacting to behavior you dislike: Imagine a fictional group project in which one member does little work but repeatedly interrupts others during the presentation and presents the team’s results as mainly their own. Put yourself in the following moments in order.","Segment 6: After the meeting, they tell you, “We worked well together today,” as if nothing happened. Show your expression when you hear the assessment.","Derisive smile｜Cold smile: The inconsistency between behavior and self-assessment is intended to evoke a detached, cold smile.","illustrations/scene_017_annoying_behavior.png"
"Reacting to behavior you dislike: Imagine a fictional group project in which one member does little work but repeatedly interrupts others during the presentation and presents the team’s results as mainly their own. Put yourself in the following moments in order.","Segment 7: Back at your desk, you remember that you must keep working with this person for some time. Show your expression as you accept the arrangement.","Bittersweet smile｜Resigned smile: Having no choice about future cooperation is intended to evoke tired resignation.","illustrations/scene_017_annoying_behavior.png"
"Carrying out a harmless prank: Imagine preparing a birthday gift for a close friend who enjoys lighthearted jokes. The real gift is hidden in the refrigerator. On the table is only a decoy gift made of many nested boxes, with a clue inside each layer. Put yourself in the following moments in order.","Segment 1: Before your friend arrives, you and another friend check the order of the boxes and decide who will pretend not to know anything. Show your expression as the plan is about to begin.","Sly smile｜Planning smile: A harmless plan and a shared secret are intended to evoke a playful, calculating smile.","illustrations/scene_018_harmless_prank.png"
"Carrying out a harmless prank: Imagine preparing a birthday gift for a close friend who enjoys lighthearted jokes. The real gift is hidden in the refrigerator. On the table is only a decoy gift made of many nested boxes, with a clue inside each layer. Put yourself in the following moments in order.","Segment 2: Your friend sees the large box and asks, “Why are you all so quiet today?” You must naturally change the subject. Show your expression while pretending nothing is happening.","Sly smile｜Smile concealing an intention: The conflict between knowing and pretending is intended to evoke a smile that is difficult to suppress completely.","illustrations/scene_018_harmless_prank.png"
"Carrying out a harmless prank: Imagine preparing a birthday gift for a close friend who enjoys lighthearted jokes. The real gift is hidden in the refrigerator. On the table is only a decoy gift made of many nested boxes, with a clue inside each layer. Put yourself in the following moments in order.","Segment 3: Your friend opens the first layer, finds another box, and looks up at you suspiciously. Show your expression when your eyes meet.","Sly smile｜Knowing smile: The other person beginning to suspect the secret is intended to evoke a smile based on unequal information.","illustrations/scene_018_harmless_prank.png"
"Carrying out a harmless prank: Imagine preparing a birthday gift for a close friend who enjoys lighthearted jokes. The real gift is hidden in the refrigerator. On the table is only a decoy gift made of many nested boxes, with a clue inside each layer. Put yourself in the following moments in order.","Segment 4: After the third layer, your friend stops and says, “I already know whose idea this was.” Show your expression as you are suspected but do not admit it.","Sly smile｜Suppressed giggle: Almost being exposed and sharing the secret are intended to evoke a quiet, concealed smile.","illustrations/scene_018_harmless_prank.png"
"Carrying out a harmless prank: Imagine preparing a birthday gift for a close friend who enjoys lighthearted jokes. The real gift is hidden in the refrigerator. On the table is only a decoy gift made of many nested boxes, with a clue inside each layer. Put yourself in the following moments in order.","Segment 5: The last layer contains only a card directing the friend to where they usually look for food. Show your expression as you wait for them to understand.","Sly smile｜Smile before the reveal: Knowing the ending is about to be discovered is intended to evoke a pleased, anticipatory smile.","illustrations/scene_018_harmless_prank.png"
"Carrying out a harmless prank: Imagine preparing a birthday gift for a close friend who enjoys lighthearted jokes. The real gift is hidden in the refrigerator. On the table is only a decoy gift made of many nested boxes, with a clue inside each layer. Put yourself in the following moments in order.","Segment 6: Your friend opens the refrigerator, sees the real gift, pauses, then laughs and says, “You went to so much trouble.” Show your expression when you know the prank succeeded.","Joyful smile｜Shared happy smile: A safe prank ending in a real gift and a positive response is intended to evoke genuine enjoyment.","illustrations/scene_018_harmless_prank.png"
"Carrying out a harmless prank: Imagine preparing a birthday gift for a close friend who enjoys lighthearted jokes. The real gift is hidden in the refrigerator. On the table is only a decoy gift made of many nested boxes, with a clue inside each layer. Put yourself in the following moments in order.","Segment 7: Your friend imitates each moment in which they were fooled, and everyone laughs. Show your expression as you try to explain but keep laughing.","Uncontrollable laughter｜Contagious laughter: Group laughter and repeated imitation are intended to evoke laughter that is difficult to stop.","illustrations/scene_018_harmless_prank.png"
"Talking with a stranger at a party: Imagine attending a small gathering hosted by a friend. Most guests know one another, but you know only the host. A friendly stranger approaches you in a quiet corner and starts a conversation. Put yourself in the following moments in order.","Segment 1: The person introduces themselves and asks how you know the host. Show your expression as you answer the ordinary small talk.","Social smile｜Polite smile: A safe topic involving a mutual contact is intended to evoke a conventional polite smile.","illustrations/scene_019_party_stranger.png"
"Talking with a stranger at a party: Imagine attending a small gathering hosted by a friend. Most guests know one another, but you know only the host. A friendly stranger approaches you in a quiet corner and starts a conversation. Put yourself in the following moments in order.","Segment 2: They ask where you are from and mention having visited a nearby city. Show your expression as you continue the exchange and signal that you are listening.","Social smile｜Conversation-maintaining smile: Low-risk exchange of personal information is intended to evoke a sustained friendly smile.","illustrations/scene_019_party_stranger.png"
"Talking with a stranger at a party: Imagine attending a small gathering hosted by a friend. Most guests know one another, but you know only the host. A friendly stranger approaches you in a quiet corner and starts a conversation. Put yourself in the following moments in order.","Segment 3: They use the wrong name, notice immediately, and apologize. Show your expression as you indicate that it is fine.","Social smile｜Tension-easing smile: A minor mistake and its repair are intended to evoke a reassuring smile.","illustrations/scene_019_party_stranger.png"
"Talking with a stranger at a party: Imagine attending a small gathering hosted by a friend. Most guests know one another, but you know only the host. A friendly stranger approaches you in a quiet corner and starts a conversation. Put yourself in the following moments in order.","Segment 4: The host sees that you are talking comfortably and gives you an exaggerated raised eyebrow from across the room. Show your expression when you notice it but do not want the stranger to misunderstand.","Shy smile｜Bashful smile: A playful suggestion from a third person and the feeling of being observed are intended to evoke a restrained smile.","illustrations/scene_019_party_stranger.png"
"Talking with a stranger at a party: Imagine attending a small gathering hosted by a friend. Most guests know one another, but you know only the host. A friendly stranger approaches you in a quiet corner and starts a conversation. Put yourself in the following moments in order.","Segment 5: After a brief silence, the stranger says with a smile, “Have we already used up all the safe topics?” Show your expression as you acknowledge the awkward pause together.","Shy smile｜Awkward smile: Mutual recognition of a pause is intended to evoke a smile that eases the atmosphere.","illustrations/scene_019_party_stranger.png"
"Talking with a stranger at a party: Imagine attending a small gathering hosted by a friend. Most guests know one another, but you know only the host. A friendly stranger approaches you in a quiet corner and starts a conversation. Put yourself in the following moments in order.","Segment 6: You later discover that you both like the same obscure work, and the person mentions a detail only a fan would know. Show your expression when the conversation becomes genuinely engaging.","Joyful smile｜Happy smile of connection: Moving from polite small talk to a genuine shared interest is intended to evoke natural pleasure.","illustrations/scene_019_party_stranger.png"
"Meeting someone you mutually like for the first time: Imagine meeting alone in a café with someone you have spoken with several times and with whom there is mutual interest. The conversation is going well, but both of you know it is more significant than an ordinary meeting between friends. Put yourself in the following moments in order.","Segment 1: They arrived early, stand when you enter, and say, “I was just wondering what my first words should be.” Show your expression as you sit down.","Shy smile｜Nervous, bashful smile: Mutual acknowledgment of nervousness and anticipation is intended to evoke a restrained smile.","illustrations/scene_020_first_date.png"
"Meeting someone you mutually like for the first time: Imagine meeting alone in a café with someone you have spoken with several times and with whom there is mutual interest. The conversation is going well, but both of you know it is more significant than an ordinary meeting between friends. Put yourself in the following moments in order.","Segment 2: They remember a drink preference you mentioned long ago and have already checked that the café serves it. Show your expression when you realize the detail was remembered.","Gentle smile｜Affectionate smile: Being remembered and treated thoughtfully are intended to evoke a warm smile of closeness.","illustrations/scene_020_first_date.png"
"Meeting someone you mutually like for the first time: Imagine meeting alone in a café with someone you have spoken with several times and with whom there is mutual interest. The conversation is going well, but both of you know it is more significant than an ordinary meeting between friends. Put yourself in the following moments in order.","Segment 3: They sincerely say, “You’re even easier to relax around in person,” then appear slightly embarrassed. Show your expression when you hear this direct expression of liking.","Shy smile｜Pressed-lip smile: Direct appreciation and focused attention are intended to evoke a restrained, gaze-averting smile.","illustrations/scene_020_first_date.png"
"Meeting someone you mutually like for the first time: Imagine meeting alone in a café with someone you have spoken with several times and with whom there is mutual interest. The conversation is going well, but both of you know it is more significant than an ordinary meeting between friends. Put yourself in the following moments in order.","Segment 4: You both reach for a napkin at the same time, touch hands briefly, and immediately withdraw. Show your expression after the small accident.","Shy smile｜Awkward, sweet smile: Brief unexpected contact and synchronized withdrawal are intended to evoke a mixture of shyness and pleasure.","illustrations/scene_020_first_date.png"
"Meeting someone you mutually like for the first time: Imagine meeting alone in a café with someone you have spoken with several times and with whom there is mutual interest. The conversation is going well, but both of you know it is more significant than an ordinary meeting between friends. Put yourself in the following moments in order.","Segment 5: They describe recent stress, then say, “But I feel much better after seeing you today.” Show your expression as you respond to this trust.","Gentle smile｜Caring smile: Emotional disclosure and trust are intended to evoke a caring smile.","illustrations/scene_020_first_date.png"
"Meeting someone you mutually like for the first time: Imagine meeting alone in a café with someone you have spoken with several times and with whom there is mutual interest. The conversation is going well, but both of you know it is more significant than an ordinary meeting between friends. Put yourself in the following moments in order.","Segment 6: As you prepare to leave, they ask whether you would like to visit another café together next week. Show your expression when you know there will be another meeting.","Joyful smile｜Happy anticipatory smile: Positive continuation of the relationship is intended to evoke a naturally bright smile.","illustrations/scene_020_first_date.png"
"A hidden-role board game: Imagine playing a hidden-role game with familiar friends and no money at stake. You receive a role that must remain secret. Misleading others and reasoning are part of the rules, and everyone treats the conflict as play. Put yourself in the following moments in order.","Segment 1: After reading your role card, you know you must behave normally. Show your expression as you place the card face down.","Sly smile｜Smile concealing an intention: Holding secret information while controlling one’s behavior is intended to evoke an ambiguous smile.","illustrations/scene_021_hidden_role_game.png"
"A hidden-role board game: Imagine playing a hidden-role game with familiar friends and no money at stake. You receive a role that must remain secret. Misleading others and reasoning are part of the rules, and everyone treats the conflict as play. Put yourself in the following moments in order.","Segment 2: A friend immediately stares at you and says, “Your face looked different when you read that card.” Show your expression as you deny it and question them in return.","Sly smile｜Playful response to suspicion: Being tested while protecting a secret is intended to evoke a quick, playful smile.","illustrations/scene_021_hidden_role_game.png"
"A hidden-role board game: Imagine playing a hidden-role game with familiar friends and no money at stake. You receive a role that must remain secret. Misleading others and reasoning are part of the rules, and everyone treats the conflict as play. Put yourself in the following moments in order.","Segment 3: You successfully redirect the discussion toward another player, who begins defending themselves seriously. Show your expression while observing.","Sly smile｜Strategic smile: A strategy that is temporarily working is intended to evoke restrained satisfaction.","illustrations/scene_021_hidden_role_game.png"
"A hidden-role board game: Imagine playing a hidden-role game with familiar friends and no money at stake. You receive a role that must remain secret. Misleading others and reasoning are part of the rules, and everyone treats the conflict as play. Put yourself in the following moments in order.","Segment 4: A teammate accidentally says something close to the truth. You exchange a quick glance and immediately look away. Show your expression during the brief exchange.","Sly smile｜Knowing suppressed smile: A shared secret that nearly becomes exposed is intended to evoke a brief concealed smile.","illustrations/scene_021_hidden_role_game.png"
"A hidden-role board game: Imagine playing a hidden-role game with familiar friends and no money at stake. You receive a role that must remain secret. Misleading others and reasoning are part of the rules, and everyone treats the conflict as play. Put yourself in the following moments in order.","Segment 5: A friend known for good reasoning gives a long analysis but reaches a completely wrong conclusion. You politely say, “That’s possible.” Show your expression while responding.","Social smile｜Cooperative game smile: Avoiding exposing incorrect reasoning while maintaining the game is intended to evoke a controlled smile.","illustrations/scene_021_hidden_role_game.png"
"A hidden-role board game: Imagine playing a hidden-role game with familiar friends and no money at stake. You receive a role that must remain secret. Misleading others and reasoning are part of the rules, and everyone treats the conflict as play. Put yourself in the following moments in order.","Segment 6: At the reveal, everyone discovers that you have misled them since the first round. Show your expression when the secret can finally be disclosed.","Joyful smile｜Pleased smile: A successful strategy and safe reveal are intended to evoke visible enjoyment.","illustrations/scene_021_hidden_role_game.png"
"A hidden-role board game: Imagine playing a hidden-role game with familiar friends and no money at stake. You receive a role that must remain secret. Misleading others and reasoning are part of the rules, and everyone treats the conflict as play. Put yourself in the following moments in order.","Segment 7: Your friends reconstruct every suspicious thing you said, and the review becomes increasingly absurd until everyone laughs. Show your expression as your explanation is repeatedly interrupted.","Uncontrollable laughter｜Group laughter: Retelling the game and contagious laughter are intended to evoke laughter that is difficult to control.","illustrations/scene_021_hidden_role_game.png"
"Watching and retelling a comedy blooper reel: Imagine watching harmless behind-the-scenes footage with a familiar friend. An actor must deliver a simple serious line but repeatedly fails because of slips of the tongue, props, and contagious laughter. Put yourself in the following moments in order.","Segment 1: The actor says the key word incorrectly, notices, but tries to continue seriously. Show your expression when you first notice the mistake.","Joyful smile｜Light smile: A clear, harmless mistake is intended to evoke natural amusement.","illustrations/scene_022_comedy_bloopers.png"
"Watching and retelling a comedy blooper reel: Imagine watching harmless behind-the-scenes footage with a familiar friend. An actor must deliver a simple serious line but repeatedly fails because of slips of the tongue, props, and contagious laughter. Put yourself in the following moments in order.","Segment 2: The director asks for another take. Immediately after saying, “I definitely won’t get it wrong this time,” the actor makes the same mistake. Show your expression at the contrast.","Uncontrollable laughter｜Sudden laughter: A promise followed immediately by failure is intended to evoke a burst of laughter.","illustrations/scene_022_comedy_bloopers.png"
"Watching and retelling a comedy blooper reel: Imagine watching harmless behind-the-scenes footage with a familiar friend. An actor must deliver a simple serious line but repeatedly fails because of slips of the tongue, props, and contagious laughter. Put yourself in the following moments in order.","Segment 3: The actor laughs too hard to continue, and the scene partner is infected. Show your expression as you hear the continuing laughter.","Uncontrollable laughter｜Contagious laughter: Other people’s genuine laughter is intended to sustain one’s own laughter.","illustrations/scene_022_comedy_bloopers.png"
"Watching and retelling a comedy blooper reel: Imagine watching harmless behind-the-scenes footage with a familiar friend. An actor must deliver a simple serious line but repeatedly fails because of slips of the tongue, props, and contagious laughter. Put yourself in the following moments in order.","Segment 4: During the third take, everyone tries to be serious, and the silence makes another failure feel imminent. Show your expression as you anticipate it.","Uncontrollable laughter｜Anticipatory laughter: Expectation of a repeated joke is intended to evoke laughter before it occurs.","illustrations/scene_022_comedy_bloopers.png"
"Watching and retelling a comedy blooper reel: Imagine watching harmless behind-the-scenes footage with a familiar friend. An actor must deliver a simple serious line but repeatedly fails because of slips of the tongue, props, and contagious laughter. Put yourself in the following moments in order.","Segment 5: Your friend pauses the video and asks you to explain seriously what was funny. Show your expression as you try to answer while still amused.","Uncontrollable laughter｜Failed-to-suppress laughter: A demand for control conflicting with lingering arousal is intended to evoke repeated loss of composure.","illustrations/scene_022_comedy_bloopers.png"
"Watching and retelling a comedy blooper reel: Imagine watching harmless behind-the-scenes footage with a familiar friend. An actor must deliver a simple serious line but repeatedly fails because of slips of the tongue, props, and contagious laughter. Put yourself in the following moments in order.","Segment 6: Just as you calm down, your friend imitates the actor’s incorrect pronunciation. Show your expression as the joke is reactivated.","Uncontrollable laughter｜Renewed laughter: Immediate imitation of the joke is intended to evoke another burst.","illustrations/scene_022_comedy_bloopers.png"
"Watching and retelling a comedy blooper reel: Imagine watching harmless behind-the-scenes footage with a familiar friend. An actor must deliver a simple serious line but repeatedly fails because of slips of the tongue, props, and contagious laughter. Put yourself in the following moments in order.","Segment 7: In the final take, the actor says the line correctly, but a prop slowly falls in the background and everyone breaks again. Show your expression at the new unexpected joke.","Uncontrollable laughter｜Repeated laughter: Success being interrupted by a new event is intended to evoke strong continuing laughter.","illustrations/scene_022_comedy_bloopers.png"
"Watching and retelling a comedy blooper reel: Imagine watching harmless behind-the-scenes footage with a familiar friend. An actor must deliver a simple serious line but repeatedly fails because of slips of the tongue, props, and contagious laughter. Put yourself in the following moments in order.","Segment 8: After the video ends, the room is quiet, but making eye contact with your friend brings back the incorrect pronunciation. Show your expression as the laughter returns in small waves.","Social smile｜Shared afterglow smile: A shared memory and eye contact are intended to evoke mild recurring amusement.","illustrations/scene_022_comedy_bloopers.png"
"Wrapping up after a team proposal fails: Imagine that you and several coworkers prepared a proposal for weeks but were not selected. The team must still attend a short wrap-up and speak with members of the selected team in the same space. Put yourself in the following moments in order.","Segment 1: The result page loads. You check repeatedly, but the team’s name is absent. Show your expression when you confirm the rejection.","Bittersweet smile｜Disappointed smile: Effort not matched by the outcome is intended to evoke a smile tinged with disappointment.","illustrations/scene_023_project_setback.png"
"Wrapping up after a team proposal fails: Imagine that you and several coworkers prepared a proposal for weeks but were not selected. The team must still attend a short wrap-up and speak with members of the selected team in the same space. Put yourself in the following moments in order.","Segment 2: The team lead says, “At least we did everything we could,” and no one immediately replies. Show your expression as you respond to the consolation.","Bittersweet smile｜Resigned smile: Factually correct consolation that cannot remove the disappointment is intended to evoke resignation.","illustrations/scene_023_project_setback.png"
"Wrapping up after a team proposal fails: Imagine that you and several coworkers prepared a proposal for weeks but were not selected. The team must still attend a short wrap-up and speak with members of the selected team in the same space. Put yourself in the following moments in order.","Segment 3: An acquaintance from the selected team shakes hands, praises your preparation, and hopes to work together later. Show your expression as you congratulate them.","Social smile｜Professional congratulatory smile: Courtesy and genuine disappointment occurring together are intended to evoke a restrained polite smile.","illustrations/scene_023_project_setback.png"
"Wrapping up after a team proposal fails: Imagine that you and several coworkers prepared a proposal for weeks but were not selected. The team must still attend a short wrap-up and speak with members of the selected team in the same space. Put yourself in the following moments in order.","Segment 4: A teammate blames themselves for the result, although you know responsibility was shared. Show your expression as you reassure them.","Gentle smile｜Supportive smile: A teammate’s need for reassurance and shared responsibility are intended to evoke a warm supportive smile.","illustrations/scene_023_project_setback.png"
"Wrapping up after a team proposal fails: Imagine that you and several coworkers prepared a proposal for weeks but were not selected. The team must still attend a short wrap-up and speak with members of the selected team in the same space. Put yourself in the following moments in order.","Segment 5: While sorting materials, you find an early version and remember how optimistic everyone was. Show your expression as you look at it.","Bittersweet smile｜Wistful smile: Contrasting earlier hope with the current outcome is intended to evoke a wistful smile.","illustrations/scene_023_project_setback.png"
"Wrapping up after a team proposal fails: Imagine that you and several coworkers prepared a proposal for weeks but were not selected. The team must still attend a short wrap-up and speak with members of the selected team in the same space. Put yourself in the following moments in order.","Segment 6: The lead says the material can be revised for another opportunity rather than wasted. Show your expression when you hear that the work may continue.","Joyful smile｜Hopeful smile: The possibility that the effort retains value is intended to evoke mild hope.","illustrations/scene_023_project_setback.png"
"Wrapping up after a team proposal fails: Imagine that you and several coworkers prepared a proposal for weeks but were not selected. The team must still attend a short wrap-up and speak with members of the selected team in the same space. Put yourself in the following moments in order.","Segment 7: Before leaving, everyone agrees to eat together and not discuss the review again that day. Show your expression as the team walks out.","Bittersweet smile｜Smile of temporary relief: Shared disappointment combined with setting it aside is intended to evoke a bittersweet but relaxed smile.","illustrations/scene_023_project_setback.png"
"Facing a coworker who boasts and makes excuses: Imagine a lunch break in which a coworker repeatedly exaggerates their ability and says the team cannot function without them. Everyone knows they made a simple mistake that morning, but no one wants lunch to become an argument. Put yourself in the following moments in order.","Segment 1: They say they “never need anyone to remind them” and wait for agreement. Show your expression while hearing the absolute claim.","Derisive smile｜Disdainful smile: Conflict between exaggerated self-assessment and known facts is intended to evoke disdain.","illustrations/scene_024_boastful_colleague.png"
"Facing a coworker who boasts and makes excuses: Imagine a lunch break in which a coworker repeatedly exaggerates their ability and says the team cannot function without them. Everyone knows they made a simple mistake that morning, but no one wants lunch to become an argument. Put yourself in the following moments in order.","Segment 2: Someone mentions the file they forgot to submit, and they immediately say, “The system is outdated. It wasn’t my fault.” Show your expression as you hear the excuse.","Derisive smile｜Scoff: Obvious displacement of responsibility is intended to evoke a brief dismissive smile.","illustrations/scene_024_boastful_colleague.png"
"Facing a coworker who boasts and makes excuses: Imagine a lunch break in which a coworker repeatedly exaggerates their ability and says the team cannot function without them. Everyone knows they made a simple mistake that morning, but no one wants lunch to become an argument. Put yourself in the following moments in order.","Segment 3: They say truly capable people need not follow rigid procedures and ask whether you agree. You do not want an argument. Show your expression as you give a vague response.","Social smile｜Polite, noncommittal smile: Direct pressure for agreement and avoidance of conflict are intended to evoke a smile without genuine pleasure.","illustrations/scene_024_boastful_colleague.png"
"Facing a coworker who boasts and makes excuses: Imagine a lunch break in which a coworker repeatedly exaggerates their ability and says the team cannot function without them. Everyone knows they made a simple mistake that morning, but no one wants lunch to become an argument. Put yourself in the following moments in order.","Segment 4: They then criticize another coworker for submitting material late and call it unprofessional. Show your expression when you notice the double standard.","Derisive smile｜Cold smile: Applying lenient rules to oneself and strict rules to others is intended to evoke a cold smile.","illustrations/scene_024_boastful_colleague.png"
"Facing a coworker who boasts and makes excuses: Imagine a lunch break in which a coworker repeatedly exaggerates their ability and says the team cannot function without them. Everyone knows they made a simple mistake that morning, but no one wants lunch to become an argument. Put yourself in the following moments in order.","Segment 5: Someone reminds them that they just said procedures did not matter. After a pause, they reply, “My situation is different.” Show your response.","Derisive smile｜Mocking smile: Forced self-exemption after a contradiction is exposed is intended to evoke mockery.","illustrations/scene_024_boastful_colleague.png"
"Facing a coworker who boasts and makes excuses: Imagine a lunch break in which a coworker repeatedly exaggerates their ability and says the team cannot function without them. Everyone knows they made a simple mistake that morning, but no one wants lunch to become an argument. Put yourself in the following moments in order.","Segment 6: They tell a story about how they “saved” a project, although the details differ from what you witnessed. Show your expression as you listen.","Derisive smile｜Contemptuous smile: Repackaging credit is intended to evoke a contemptuous smile.","illustrations/scene_024_boastful_colleague.png"
"Facing a coworker who boasts and makes excuses: Imagine a lunch break in which a coworker repeatedly exaggerates their ability and says the team cannot function without them. Everyone knows they made a simple mistake that morning, but no one wants lunch to become an argument. Put yourself in the following moments in order.","Segment 7: At the end of lunch, they pat your shoulder and say, “You can learn a lot by working with me.” Show your expression as you politely end the conversation.","Social smile｜Professional closing smile: The need to end the interaction while preserving the surface relationship is intended to evoke a conventional smile.","illustrations/scene_024_boastful_colleague.png"
"Facing a coworker who boasts and makes excuses: Imagine a lunch break in which a coworker repeatedly exaggerates their ability and says the team cannot function without them. Everyone knows they made a simple mistake that morning, but no one wants lunch to become an argument. Put yourself in the following moments in order.","Segment 8: Back at your desk, you see that you must work with this person that afternoon. Show your expression as you read the schedule.","Bittersweet smile｜Resigned smile: Being unable to avoid an unwelcome interaction is intended to evoke tired resignation.","illustrations/scene_024_boastful_colleague.png"
"Thinking your phone is lost and then finding it: Imagine preparing to leave a café and being unable to find your phone in your pockets or on the table. It contains important information, and you cannot remember whether you last used it inside or outside. Put yourself in the following moments in order.","Segment 1: You check the table, coat, and usual bag pockets again but still cannot find it. Show your expression as you try to remember.","Bittersweet smile｜Nervous wry smile: Possible loss of an important item and uncertain memory are intended to evoke a strained smile.","illustrations/scene_025_phone_found.png"
"Thinking your phone is lost and then finding it: Imagine preparing to leave a café and being unable to find your phone in your pockets or on the table. It contains important information, and you cannot remember whether you last used it inside or outside. Put yourself in the following moments in order.","Segment 2: You return to the counter and politely ask whether anyone has handed in a phone while other customers wait. Show your expression as you explain.","Social smile｜Apologetic polite smile: Asking a stranger for help while taking their time is intended to evoke an apologetic smile.","illustrations/scene_025_phone_found.png"
"Thinking your phone is lost and then finding it: Imagine preparing to leave a café and being unable to find your phone in your pockets or on the table. It contains important information, and you cannot remember whether you last used it inside or outside. Put yourself in the following moments in order.","Segment 3: The employee finds nothing and suggests having a friend call it. You begin to think the phone may not be in the café. Show your expression while waiting for the call.","Bittersweet smile｜Resigned smile: A simple final method not immediately working is intended to evoke resignation.","illustrations/scene_025_phone_found.png"
"Thinking your phone is lost and then finding it: Imagine preparing to leave a café and being unable to find your phone in your pockets or on the table. It contains important information, and you cannot remember whether you last used it inside or outside. Put yourself in the following moments in order.","Segment 4: When the room grows quiet, you hear a faint vibration from the bottom of your bag. Show your expression when you first realize where it comes from.","Joyful smile｜Surprised, relieved smile: Sudden removal of a threat is intended to evoke a quick, clear smile.","illustrations/scene_025_phone_found.png"
"Thinking your phone is lost and then finding it: Imagine preparing to leave a café and being unable to find your phone in your pockets or on the table. It contains important information, and you cannot remember whether you last used it inside or outside. Put yourself in the following moments in order.","Segment 5: You take the phone from a compartment you rarely use and remember placing it there for safety. Show your expression when you realize you caused the confusion.","Uncontrollable laughter｜Self-deprecating laugh: Relief combined with one’s own contradiction is intended to evoke sudden laughter.","illustrations/scene_025_phone_found.png"
"Thinking your phone is lost and then finding it: Imagine preparing to leave a café and being unable to find your phone in your pockets or on the table. It contains important information, and you cannot remember whether you last used it inside or outside. Put yourself in the following moments in order.","Segment 6: Your friend hears you laugh on the call and asks, “So where was it?” You explain that it was in your bag all along. Show your expression as the laughter returns.","Uncontrollable laughter｜Failed-to-suppress laughter: Retelling the absurd sequence is intended to reactivate laughter.","illustrations/scene_025_phone_found.png"
"Thinking your phone is lost and then finding it: Imagine preparing to leave a café and being unable to find your phone in your pockets or on the table. It contains important information, and you cannot remember whether you last used it inside or outside. Put yourself in the following moments in order.","Segment 7: You thank the employee and apologize for the interruption. They say, “I’m glad you found it. I was worried too.” Show your expression as the incident ends.","Joyful smile｜Relaxed, grateful smile: Resolution and a kind response are intended to evoke a sincere, relaxed smile.","illustrations/scene_025_phone_found.png"
"Preparing a secret surprise party for a friend: Imagine borrowing a familiar room with several friends for a small birthday surprise. The guest of honor expects an ordinary dinner and has messaged that they are almost at the door. Put yourself in the following moments in order.","Segment 1: You turn off the lights and quietly take your positions. You can already hear the person handling their keys outside. Show your expression while waiting for the door to open.","Sly smile｜Anticipatory suppressed smile: A shared secret about to be revealed is intended to evoke a smile that is difficult to hide.","illustrations/scene_026_surprise_party.png"
"Preparing a secret surprise party for a friend: Imagine borrowing a familiar room with several friends for a small birthday surprise. The guest of honor expects an ordinary dinner and has messaged that they are almost at the door. Put yourself in the following moments in order.","Segment 2: The person messages, “Why is it so quiet? Are you not here yet?” You must reply in a way that makes them enter. Show your expression while typing.","Sly smile｜Smile concealing an intention: The need to make a believable misleading reply is intended to evoke a secretive smile.","illustrations/scene_026_surprise_party.png"
"Preparing a secret surprise party for a friend: Imagine borrowing a familiar room with several friends for a small birthday surprise. The guest of honor expects an ordinary dinner and has messaged that they are almost at the door. Put yourself in the following moments in order.","Segment 3: As the handle turns, one friend nearly laughs too early. You immediately look at them and signal them to hold it in. Show your expression during the glance.","Sly smile｜Knowing suppressed smile: Shared restraint and almost being exposed are intended to evoke a conspiratorial smile.","illustrations/scene_026_surprise_party.png"
"Preparing a secret surprise party for a friend: Imagine borrowing a familiar room with several friends for a small birthday surprise. The guest of honor expects an ordinary dinner and has messaged that they are almost at the door. Put yourself in the following moments in order.","Segment 4: The person enters and pauses in confusion. You wait one more second before turning on the lights. Show your expression while they still do not understand.","Sly smile｜Knowing smile before the reveal: Knowing what the other person does not yet know is intended to evoke playful suspense.","illustrations/scene_026_surprise_party.png"
"Preparing a secret surprise party for a friend: Imagine borrowing a familiar room with several friends for a small birthday surprise. The guest of honor expects an ordinary dinner and has messaged that they are almost at the door. Put yourself in the following moments in order.","Segment 5: The lights come on and everyone celebrates. Confusion turns into surprise as the person looks around the room. Show your expression when you know the plan succeeded.","Joyful smile｜Shared delighted smile: A successful kind surprise and a positive response are intended to evoke genuine delight.","illustrations/scene_026_surprise_party.png"
"Preparing a secret surprise party for a friend: Imagine borrowing a familiar room with several friends for a small birthday surprise. The guest of honor expects an ordinary dinner and has messaged that they are almost at the door. Put yourself in the following moments in order.","Segment 6: The person points at you and says, “That explains why you were so slow to reply today,” and everyone reviews the moments when the secret almost slipped. Show your expression as you explain and laugh.","Uncontrollable laughter｜Contagious group laughter: Reviewing near-failures after success is intended to evoke laughter that is difficult to stop.","illustrations/scene_026_surprise_party.png"
